308.0,1,Alabama,9,39,60,,Nov 04,,,,,,,,Final results-1
300.5,2,Alabama,9,36,61,,Oct 28,,,,,,,,SurveyUSA-2
288.5,2,Alabama,9,34,54,,Oct 16,,,,,,,,Capital Survey-2
281.5,2,Alabama,9,35,62,,Oct 09,,,,,,,,SurveyUSA-2
279.5,2,Alabama,9,35,55,,Oct 07,,,,,,,,Capital Survey-2
265.0,1,Alabama,9,39,60,,Sep 22,,,,,,,,Rasmussen-1
259.5,2,Alabama,9,34,64,,Sep 17,,,,,,,,SurveyUSA-2
257.5,4,Alabama,9,36,58,,Sep 16,,,,,,,,ARG-4
254.5,8,Alabama,9,25,52,,Sep 15,,,,,,,,U. of South Alabama-8
249.0,7,Alabama,9,35,55,,Sep 09,,,,,,,,Capital Survey-7
213.0,7,Alabama,9,34,47,,Aug 04,,,,,,,,Capital Survey-7
212.0,1,Alabama,9,37,55,,Jul 31,,,,,,,,Rasmussen-1
177.0,1,Alabama,9,36,51,,Jun 26,,,,,,,,Rasmussen-1
176.5,2,Alabama,9,36,49,,Jun 26,,,,,,,,Capital Survey-2
151.0,5,Alabama,9,33,57,,Jun 02,,,,,,,,Capital Survey-5
147.0,1,Alabama,9,32,60,,May 27,,,,,,,,Rasmussen-1
137.0,3,Alabama,9,34,57,,May 18,,,,,,,,SurveyUSA-3
110.0,9,Alabama,9,36,55,,Apr 24,,,,,,,,Capital Survey-9
102.0,3,Alabama,9,32,64,,Apr 13,,,,,,,,SurveyUSA-3
 92.0,1,Alabama,9,37,55,,Apr 02,,,,,,,,Rasmussen-1
 84.5,4,Alabama,9,30,57,,Mar 27,,,,,,,,U. of South Alabama-4
 74.0,3,Alabama,9,35,62,,Mar 16,,,,,,,,SurveyUSA-3
 58.0,3,Alabama,9,40,54,,Feb 28,,,,,,,,SurveyUSA-3
 16.5,2,Alabama,9,29,63,,Jan 17,,,,,,,,SurveyUSA-2
308.0,1,Alaska,3,38,59,,Nov 04,,,,,,,,Final results-1
301.0,1,Alaska,3,41,57,,Oct 28,,,,,,,,Rasmussen-1
291.0,3,Alaska,3,42,53,,Oct 19,,,,,,,,Ivan Moore Research-3
279.0,1,Alaska,3,40,55,,Oct 06,,,,,,,,Rasmussen-1
277.5,4,Alaska,3,38,55,,Oct 06,,,,,,,,Ivan Moore Research-4
262.0,5,Alaska,3,37,55,,Sep 21,,,,,,,,Fairleigh Dickinson U.-5
253.0,3,Alaska,3,39,55,,Sep 11,,,,,,,,ARG-3
252.0,1,Alaska,3,33,64,,Sep 09,,,,,,,,Rasmussen-1
243.5,4,Alaska,3,35,54,,Sep 02,,,,,,,,Ivan Moore Research-4
211.0,1,Alaska,3,39,44,,Jul 30,,,,,,,,Rasmussen-1
198.0,1,Alaska,3,40,45,,Jul 17,,,,,,,,Rasmussen-1
167.0,1,Alaska,3,41,45,,Jun 16,,,,,,,,Rasmussen-1
134.0,1,Alaska,3,41,50,,May 14,,,,,,,,Rasmussen-1
 97.0,1,Alaska,3,43,48,,Apr 07,,,,,,,,Rasmussen-1
 58.0,3,Alaska,3,43,48,,Feb 28,,,,,,,,SurveyUSA-3
308.0,1,Arizona,10,45,54,,Nov 04,,,,,,,,Final results-1
302.0,3,Arizona,10,46,50,,Oct 30,,,,,,,,ARG-3
300.5,2,Arizona,10,44,48,,Oct 28,,,,,,,,Mason-Dixon-2
299.0,1,Arizona,10,46,51,,Oct 26,,,,,,,,Rasmussen-1
298.5,6,Arizona,10,46,53,,Oct 28,,,,,,,,Opinion Research-6
297.5,4,Arizona,10,44,46,,Oct 26,,,,,,,,Arizona State U.-4
295.5,10,Arizona,10,41,49,,Oct 27,,,,,,,,Northern Arizona U.-10
290.5,4,Arizona,10,42,44,,Oct 19,,,,,,,,Zimmerman-4
272.0,1,Arizona,10,38,59,,Sep 29,,,,,,,,Rasmussen-1
269.5,4,Arizona,10,38,45,,Sep 28,,,,,,,,Arizona State U.-4
255.5,4,Arizona,10,39,56,,Sep 14,,,,,,,,ARG-4
227.0,3,Arizona,10,30,40,,Aug 16,,,,,,,,Arizona State U.-3
226.0,3,Arizona,10,41,47,,Aug 15,,,,,,,,Mason-Dixon-3
211.0,1,Arizona,10,36,52,,Jul 30,,,,,,,,Rasmussen-1
176.0,1,Arizona,10,40,49,,Jun 25,,,,,,,,Rasmussen-1
171.5,2,Arizona,10,28,38,,Jun 21,,,,,,,,Arizona State U.-2
136.0,9,Arizona,10,39,50,,May 20,,,,,,,,Rocky Mtn Poll-9
115.5,4,Arizona,10,38,47,,Apr 27,,,,,,,,Arizona State U.-4
105.0,1,Arizona,10,37,57,,Apr 15,,,,,,,,Rasmussen-1
 93.5,10,Arizona,10,33,55,,Apr 08,,,,,,,,Northern Arizona U.-10
 58.0,3,Arizona,10,39,51,,Feb 28,,,,,,,,SurveyUSA-3
 53.5,4,Arizona,10,38,49,,Feb 24,,,,,,,,Arizona State U.-4
308.0,1,Arkansas,6,39,59,,Nov 04,,,,,,,,Final results-1
302.5,4,Arkansas,6,44,51,,Oct 31,,,,,,,,ARG-4
300.0,1,Arkansas,6,44,54,,Oct 27,,,,,,,,Rasmussen-1
284.0,21,Arkansas,6,36,51,,Oct 21,,,,,,,,U. of Arkansas-21
265.0,1,Arkansas,6,42,51,,Sep 22,,,,,,,,Rasmussen-1
264.0,3,Arkansas,6,41,53,,Sep 22,,,,,,,,ARG-3
195.0,1,Arkansas,6,37,47,,Jul 14,,,,,,,,Rasmussen-1
167.0,1,Arkansas,6,41,45,,Jun 16,,,,,,,,Rasmussen-1
163.0,1,Arkansas,6,39,48,,Jun 12,,,,,,,,Rasmussen-1
132.0,1,Arkansas,6,33,57,,May 12,,,,,,,,Rasmussen-1
 77.0,1,Arkansas,6,30,59,,Mar 18,,,,,,,,Rasmussen-1
 67.5,6,Arkansas,6,27,43,,Mar 11,,,,,,,,Opinion Res.-6
 58.0,3,Arkansas,6,33,53,,Feb 28,,,,,,,,SurveyUSA-3
308.0,1,California,55,61,37,,Nov 04,,,,,,,,Final results-1
303.0,3,California,55,60,36,,Oct 31,,,,,,,,SurveyUSA-3
298.0,1,California,55,61,34,,Oct 25,,,,,,,,Rasmussen-1
296.0,11,California,55,55,33,,Oct 28,,,,,,,,Field Poll-11
288.5,2,California,55,59,35,,Oct 16,,,,,,,,SurveyUSA-2
288.5,8,California,55,56,33,,Oct 19,,,,,,,,Public Policy Inst. of Calif.-8
282.0,1,California,55,56,40,,Oct 09,,,,,,,,Rasmussen-1
277.5,2,California,55,55,39,,Oct 05,,,,,,,,SurveyUSA-2
266.5,2,California,55,53,43,,Sep 24,,,,,,,,SurveyUSA-2
265.0,1,California,55,56,39,,Sep 22,,,,,,,,Rasmussen-1
262.0,3,California,55,53,39,,Sep 20,,,,,,,,ARG-3
255.5,8,California,55,50,40,,Sep 16,,,,,,,,Public Policy Inst. of Calif.-8
252.5,10,California,55,52,36,,Sep 14,,,,,,,,Field Poll-10
232.0,1,California,55,51,37,,Aug 20,,,,,,,,Rasmussen-1
227.5,8,California,55,48,39,,Aug 19,,,,,,,,Pub. Policy Inst. of Calif.-8
205.0,1,California,55,50,38,,Jul 24,,,,,,,,Rasmussen-1
196.0,15,California,55,50,35,,Jul 22,,,,,,,,Pub. Policy Inst. of Calif.-15
192.0,7,California,55,54,30,,Jul 14,,,,,,,,Field Poll-7
174.0,1,California,55,58,30,,Jun 23,,,,,,,,Rasmussen-1
169.0,3,California,55,53,41,,Jun 19,,,,,,,,SurveyUSA-3
141.5,12,California,55,52,35,,May 27,,,,,,,,Field Poll-12
140.5,2,California,55,47,40,,May 21,,,,,,,,LA Times-2
140.0,1,California,55,52,38,,May 20,,,,,,,,Rasmussen-1
137.0,3,California,55,49,41,,May 18,,,,,,,,SurveyUSA-3
106.0,1,California,55,50,43,,Apr 16,,,,,,,,Rasmussen-1
102.0,3,California,55,50,43,,Apr 13,,,,,,,,SurveyUSA-3
 74.0,3,California,55,54,40,,Mar 16,,,,,,,,SurveyUSA-3
 73.5,8,California,55,49,40,,Mar 18,,,,,,,,Public Policy Inst. of Calif.-8
 71.0,1,California,55,53,38,,Mar 12,,,,,,,,Rasmussen-1
 58.0,3,California,55,51,40,,Feb 28,,,,,,,,SurveyUSA-3
 47.0,3,California,55,61,34,,Feb 17,,,,,,,,SurveyUSA-3
308.0,1,Colorado,9,54,45,,Nov 04,,,,,,,,Final results-1
302.0,3,Colorado,9,52,45,,Oct 30,,,,,,,,ARG-3
301.5,2,Colorado,9,49,44,,Oct 29,,,,,,,,Mason-Dixon-2
300.5,2,Colorado,9,51,45,,Oct 28,,,,,,,,Marist Coll.-2
299.0,1,Colorado,9,50,46,,Oct 26,,,,,,,,Rasmussen-1
299.0,1,Colorado,9,53,45,,Oct 26,,,,,,,,Insider Advantage-1
298.5,6,Colorado,9,53,45,,Oct 28,,,,,,,,Opinion Research-6
298.0,5,Colorado,9,48,44,,Oct 27,,,,,,,,Financial Dynamics-5
297.0,5,Colorado,9,50,41,,Oct 26,,,,,,,,GfK Roper-5
295.0,3,Colorado,9,52,40,,Oct 23,,,,,,,,Public Opinion Strat.-3
293.0,1,Colorado,9,51,46,,Oct 20,,,,,,,,Insider Advantage-1
292.0,1,Colorado,9,51,46,,Oct 19,,,,,,,,Rasmussen-1
289.0,1,Colorado,9,52,45,,Oct 16,,,,,,,,Rasmussen-1
285.5,4,Colorado,9,51,47,,Oct 14,,,,,,,,Opinion Research-4
284.5,4,Colorado,9,47,43,,Oct 13,,,,,,,,Suffolk U.-4
283.0,5,Colorado,9,52,43,,Oct 12,,,,,,,,Quinnipiac U.-5
279.0,1,Colorado,9,51,45,,Oct 06,,,,,,,,Insider Advantage-1
278.0,1,Colorado,9,51,45,,Oct 05,,,,,,,,Rasmussen-1
273.0,3,Colorado,9,44,44,,Oct 01,,,,,,,,Mason-Dixon-3
271.0,1,Colorado,9,49,48,,Sep 28,,,,,,,,Rasmussen-1
267.0,3,Colorado,9,45,48,,Sep 25,,,,,,,,ARG-3
266.0,1,Colorado,9,50,41,,Sep 23,,,,,,,,Insider Advantage-1
266.0,1,Colorado,9,50,47,,Sep 23,,,,,,,,Rasmussen-1
265.0,3,Colorado,9,51,47,,Sep 23,,,,,,,,Opinion Research-3
264.0,5,Colorado,9,44,43,,Sep 23,,,,,,,,Ciruli Assoc.-5
260.5,8,Colorado,9,49,45,,Sep 21,,,,,,,,Quinnipiac U.-8
260.0,1,Colorado,9,51,41,,Sep 17,,,,,,,,Insider Advantage-1
257.0,1,Colorado,9,46,48,,Sep 14,,,,,,,,Rasmussen-1
256.0,5,Colorado,9,45,44,,Sep 15,,,,,,,,Financial Dynamics-5
254.5,4,Colorado,9,44,46,,Sep 13,,,,,,,,ARG-4
252.5,2,Colorado,9,49,46,,Sep 10,,,,,,,,Insider Advantage-2
250.0,1,Colorado,9,49,46,,Sep 07,,,,,,,,Rasmussen-1
237.0,3,Colorado,9,46,47,,Aug 26,,,,,,,,Opinion Research-3
234.5,4,Colorado,9,44,39,,Aug 24,,,,,,,,Suffolk U.-4
230.0,7,Colorado,9,46,47,,Aug 21,,,,,,,,Quinnipiac U.-7
226.0,3,Colorado,9,46,43,,Aug 15,,,,,,,,Mason-Dixon-3
225.0,1,Colorado,9,45,47,,Aug 13,,,,,,,,Rasmussen-1
224.0,3,Colorado,9,41,44,,Aug 13,,,,,,,,Rocky Mtn Poll-3
202.0,1,Colorado,9,49,42,,Jul 21,,,,,,,,Rasmussen-1
199.0,9,Colorado,9,44,46,,Jul 22,,,,,,,,Quinnipiac U.-9
171.5,8,Colorado,9,49,44,,Jun 24,,,,,,,,Quinnipiac U.-8
168.0,1,Colorado,9,43,41,,Jun 17,,,,,,,,Rasmussen-1
139.0,1,Colorado,9,48,42,,May 19,,,,,,,,Rasmussen-1
106.0,1,Colorado,9,46,43,,Apr 16,,,,,,,,Rasmussen-1
 76.0,1,Colorado,9,46,46,,Mar 17,,,,,,,,Rasmussen-1
 58.0,3,Colorado,9,50,41,,Feb 28,,,,,,,,SurveyUSA-3
308.0,1,Connecticut,7,61,38,,Nov 04,,,,,,,,Final results-1
293.0,5,Connecticut,7,56,31,,Oct 22,,,,,,,,U. of Connecticut-5
287.0,1,Connecticut,7,56,39,,Oct 14,,,,,,,,Rasmussen-1
267.5,2,Connecticut,7,54,38,,Sep 25,,,,,,,,SurveyUSA-2
264.0,5,Connecticut,7,49,35,,Sep 23,,,,,,,,Pulsar Research-5
261.0,3,Connecticut,7,54,39,,Sep 19,,,,,,,,ARG-3
259.0,1,Connecticut,7,53,41,,Sep 16,,,,,,,,Rasmussen-1
212.0,1,Connecticut,7,51,36,,Jul 31,,,,,,,,Rasmussen-1
181.0,1,Connecticut,7,52,35,,Jun 30,,,,,,,,Rasmussen-1
178.5,4,Connecticut,7,56,35,,Jun 29,,,,,,,,Quinnipiac U.-4
149.0,1,Connecticut,7,47,44,,May 29,,,,,,,,Rasmussen-1
 80.5,6,Connecticut,7,52,35,,Mar 24,,,,,,,,Quinnipiac U.-6
 70.0,1,Connecticut,7,50,38,,Mar 11,,,,,,,,Rasmussen-1
 58.0,3,Connecticut,7,55,34,,Feb 28,,,,,,,,SurveyUSA-3
308.0,1,D.C.,3,92,7,,Nov 04,,,,,,,,Final results-1
255.0,3,D.C.,3,82,13,,Sep 13,,,,,,,,ARG-3
308.0,1,Delaware,3,62,37,,Nov 04,,,,,,,,Final results-1
300.5,2,Delaware,3,63,33,,Oct 28,,,,,,,,SurveyUSA-2
283.0,1,Delaware,3,56,41,,Oct 10,,,,,,,,Rasmussen-1
280.0,3,Delaware,3,56,38,,Oct 08,,,,,,,,West Chester U.-3
265.5,2,Delaware,3,57,37,,Sep 23,,,,,,,,SurveyUSA-2
262.0,5,Delaware,3,56,36,,Sep 21,,,,,,,,Fairleigh Dickinson U.-5
257.0,3,Delaware,3,51,40,,Sep 15,,,,,,,,ARG-3
256.0,1,Delaware,3,55,43,,Sep 13,,,,,,,,Rasmussen-1
 58.0,3,Delaware,3,50,41,,Feb 28,,,,,,,,SurveyUSA-3
308.0,1,Florida,27,51,48,,Nov 04,,,,,,,,Final results-1
304.5,4,Florida,27,48,46,,Nov 02,,,,,,,,Zogby-4
303.0,3,Florida,27,50,46,,Oct 31,,,,,,,,ARG-3
302.5,2,Florida,27,47,45,,Oct 30,,,,,,,,Mason-Dixon-2
302.5,2,Florida,27,47,47,,Oct 30,,,,,,,,Datamar-2
299.0,1,Florida,27,51,47,,Oct 26,,,,,,,,Rasmussen-1
299.0,3,Florida,27,50,43,,Oct 27,,,,,,,,LA Times-3
298.5,2,Florida,27,49,44,,Oct 26,,,,,,,,Datamar-2
298.5,6,Florida,27,51,47,,Oct 28,,,,,,,,Opinion Research-6
298.0,5,Florida,27,45,44,,Oct 27,,,,,,,,Financial Dynamics-5
297.5,4,Florida,27,47,47,,Oct 26,,,,,,,,Zogby-4
297.5,4,Florida,27,49,44,,Oct 26,,,,,,,,Suffolk U.-4
297.0,5,Florida,27,45,43,,Oct 26,,,,,,,,GfK Roper-5
297.0,5,Florida,27,47,45,,Oct 26,,,,,,,,Quinnipiac U.-5
295.0,1,Florida,27,48,47,,Oct 22,,,,,,,,Insider Advantage-1
294.0,3,Florida,27,49,42,,Oct 22,,,,,,,,Polling Company-3
293.5,2,Florida,27,45,46,,Oct 21,,,,,,,,Mason-Dixon-2
292.0,1,Florida,27,48,49,,Oct 19,,,,,,,,Rasmussen-1
291.5,6,Florida,27,49,44,,Oct 21,,,,,,,,Quinnipiac U.-6
289.5,2,Florida,27,47,49,,Oct 17,,,,,,,,SurveyUSA-2
286.0,1,Florida,27,48,44,,Oct 13,,,,,,,,Insider Advantage-1
285.5,2,Florida,27,47,42,,Oct 13,,,,,,,,Datamar-2
285.5,4,Florida,27,51,46,,Oct 14,,,,,,,,Opinion Research-4
285.0,1,Florida,27,51,46,,Oct 12,,,,,,,,Rasmussen-1
281.0,1,Florida,27,50,47,,Oct 08,,,,,,,,Rasmussen-1
278.0,1,Florida,27,52,45,,Oct 05,,,,,,,,Rasmussen-1
278.0,3,Florida,27,48,46,,Oct 06,,,,,,,,Mason-Dixon-3
273.0,1,Florida,27,49,46,,Sep 30,,,,,,,,Insider Advantage-1
272.0,3,Florida,27,51,47,,Sep 30,,,,,,,,Opinion Research-3
271.5,4,Florida,27,46,42,,Sep 30,,,,,,,,Suffolk U.-4
271.0,1,Florida,27,47,47,,Sep 28,,,,,,,,Rasmussen-1
271.0,3,Florida,27,51,43,,Sep 29,,,,,,,,Quinnipiac U.-3
270.5,2,Florida,27,47,48,,Sep 28,,,,,,,,SurveyUSA-2
267.0,1,Florida,27,47,48,,Sep 24,,,,,,,,Rasmussen-1
267.0,3,Florida,27,47,46,,Sep 25,,,,,,,,ARG-3
264.0,1,Florida,27,46,51,,Sep 21,,,,,,,,Rasmussen-1
260.0,3,Florida,27,47,45,,Sep 18,,,,,,,,Mason-Dixon-3
259.5,2,Florida,27,45,51,,Sep 17,,,,,,,,SurveyUSA-2
258.5,4,Florida,27,45,47,,Sep 17,,,,,,,,Schroth/Polling Co.-4
258.5,4,Florida,27,46,46,,Sep 17,,,,,,,,ARG-4
258.0,3,Florida,27,48,48,,Sep 16,,,,,,,,Opinion Research-3
257.0,1,Florida,27,44,49,,Sep 14,,,,,,,,Rasmussen-1
256.0,5,Florida,27,44,44,,Sep 15,,,,,,,,Financial Dynamics-5
252.5,2,Florida,27,42,50,,Sep 10,,,,,,,,Insider Advantage-2
250.0,1,Florida,27,48,48,,Sep 07,,,,,,,,Rasmussen-1
250.0,5,Florida,27,43,50,,Sep 09,,,,,,,,Quinnipiac U.-5
237.5,2,Florida,27,45,44,,Aug 26,,,,,,,,Mason-Dixon-2
232.5,8,Florida,27,43,47,,Aug 24,,,,,,,,Quinnipiac U.-8
231.0,3,Florida,27,46,47,,Aug 20,,,,,,,,ARG-3
230.0,1,Florida,27,43,46,,Aug 18,,,,,,,,Rasmussen-1
223.0,1,Florida,27,44,48,,Aug 11,,,,,,,,Insider Advantage-1
214.0,3,Florida,27,44,50,,Aug 03,,,,,,,,SurveyUSA-3
207.0,7,Florida,27,46,44,,Jul 29,,,,,,,,Quinnipiac U.-7
203.0,1,Florida,27,46,45,,Jul 22,,,,,,,,Rasmussen-1
201.0,3,Florida,27,45,47,,Jul 21,,,,,,,,ARG-3
177.0,1,Florida,27,41,48,,Jun 26,,,,,,,,Rasmussen-1
169.0,1,Florida,27,39,47,,Jun 18,,,,,,,,Rasmussen-1
166.0,5,Florida,27,49,44,,Jun 17,,,,,,,,ARG-5
163.5,8,Florida,27,47,43,,Jun 16,,,,,,,,Quinnipiac U.-8
139.0,1,Florida,27,40,50,,May 19,,,,,,,,Rasmussen-1
136.5,8,Florida,27,41,45,,May 20,,,,,,,,Quinnipiac U.-8
116.0,7,Florida,27,43,44,,Apr 29,,,,,,,,Quinnipiac U.-7
100.0,1,Florida,27,38,53,,Apr 10,,,,,,,,Rasmussen-1
 86.5,8,Florida,27,37,46,,Mar 31,,,,,,,,Quinnipiac U.-8
 71.0,1,Florida,27,43,47,,Mar 12,,,,,,,,Rasmussen-1
 58.0,3,Florida,27,45,47,,Feb 28,,,,,,,,SurveyUSA-3
 47.0,1,Florida,27,37,53,,Feb 16,,,,,,,,Rasmussen-1
308.0,1,Georgia,15,47,52,,Nov 04,,,,,,,,Final results-1
303.0,1,Georgia,15,47,52,,Oct 30,,,,,,,,Rasmussen-1
300.0,1,Georgia,15,47,48,,Oct 27,,,,,,,,Insider Advantage-1
298.5,6,Georgia,15,47,52,,Oct 28,,,,,,,,Opinion Research-6
296.0,1,Georgia,15,48,47,,Oct 23,,,,,,,,Insider Advantage-1
295.5,2,Georgia,15,43,49,,Oct 23,,,,,,,,Mason-Dixon-2
295.0,1,Georgia,15,46,51,,Oct 22,,,,,,,,Rasmussen-1
285.5,4,Georgia,15,45,53,,Oct 14,,,,,,,,Opinion Research-4
284.5,2,Georgia,15,43,51,,Oct 12,,,,,,,,SurveyUSA-2
282.0,1,Georgia,15,46,49,,Oct 09,,,,,,,,Insider Advantage-1
280.0,1,Georgia,15,45,54,,Oct 07,,,,,,,,Rasmussen-1
273.0,1,Georgia,15,44,50,,Sep 30,,,,,,,,Insider Advantage-1
271.5,2,Georgia,15,44,52,,Sep 29,,,,,,,,SurveyUSA-2
262.5,4,Georgia,15,39,57,,Sep 21,,,,,,,,ARG-4
260.0,1,Georgia,15,43,51,,Sep 17,,,,,,,,Insider Advantage-1
259.0,1,Georgia,15,43,54,,Sep 16,,,,,,,,Rasmussen-1
258.0,3,Georgia,15,41,57,,Sep 16,,,,,,,,SurveyUSA-3
253.0,1,Georgia,15,38,56,,Sep 10,,,,,,,,Insider Advantage-1
226.0,1,Georgia,15,43,50,,Aug 14,,,,,,,,Rasmussen-1
198.0,1,Georgia,15,39,48,,Jul 17,,,,,,,,Rasmussen-1
183.0,1,Georgia,15,44,46,,Jul 02,,,,,,,,Insider Advantage-1
177.0,1,Georgia,15,43,53,,Jun 26,,,,,,,,Rasmussen-1
169.0,1,Georgia,15,43,44,,Jun 18,,,,,,,,Insider Advantage-1
155.0,1,Georgia,15,41,51,,Jun 04,,,,,,,,Rasmussen-1
126.0,1,Georgia,15,39,53,,May 06,,,,,,,,Rasmussen-1
 79.0,1,Georgia,15,40,53,,Mar 20,,,,,,,,Rasmussen-1
 58.0,3,Georgia,15,41,54,,Feb 28,,,,,,,,SurveyUSA-3
308.0,1,Hawaii,4,72,27,,Nov 04,,,,,,,,Final results-1
263.0,1,Hawaii,4,68,27,,Sep 20,,,,,,,,Rasmussen-1
252.5,6,Hawaii,4,63,32,,Sep 12,,,,,,,,ARG-6
 58.0,3,Hawaii,4,61,31,,Feb 28,,,,,,,,SurveyUSA-3
308.0,1,Idaho,4,36,62,,Nov 04,,,,,,,,Final results-1
252.0,1,Idaho,4,29,68,,Sep 09,,,,,,,,Rasmussen-1
252.0,3,Idaho,4,25,68,,Sep 10,,,,,,,,ARG-3
232.0,5,Idaho,4,29,52,,Aug 22,,,,,,,,Greg Smith-5
 58.0,3,Idaho,4,39,52,,Feb 28,,,,,,,,SurveyUSA-3
308.0,1,Illinois,21,62,37,,Nov 04,,,,,,,,Final results-1
305.0,1,Illinois,21,60,38,,Nov 01,,,,,,,,Rasmussen-1
293.5,4,Illinois,21,61,32,,Oct 22,,,,,,,,U. of Wisconsin-4
290.0,3,Illinois,21,56,32,,Oct 18,,,,,,,,Market Shares-3
286.0,1,Illinois,21,56,39,,Oct 13,,,,,,,,Rasmussen-1
260.0,1,Illinois,21,56,40,,Sep 17,,,,,,,,Rasmussen-1
258.5,4,Illinois,21,53,37,,Sep 17,,,,,,,,U. of Wisconsin-4
257.5,4,Illinois,21,51,45,,Sep 16,,,,,,,,ARG-4
224.0,1,Illinois,21,53,38,,Aug 12,,,,,,,,Rasmussen-1
189.0,1,Illinois,21,50,37,,Jul 08,,,,,,,,Rasmussen-1
 58.0,3,Illinois,21,60,31,,Feb 28,,,,,,,,SurveyUSA-3
308.0,1,Indiana,11,50,49,,Nov 04,,,,,,,,Final results-1
304.5,4,Indiana,11,44,49,,Nov 02,,,,,,,,Zogby-4
302.5,4,Indiana,11,48,48,,Oct 31,,,,,,,,ARG-4
301.5,2,Indiana,11,46,49,,Oct 29,,,,,,,,Rasmussen-2
301.5,4,Indiana,11,47,47,,Oct 30,,,,,,,,SurveyUSA-4
300.0,3,Indiana,11,46,45,,Oct 28,,,,,,,,Selzer-3
297.5,4,Indiana,11,44,50,,Oct 26,,,,,,,,Zogby-4
296.5,2,Indiana,11,45,47,,Oct 24,,,,,,,,Howey-Gauge-2
294.5,2,Indiana,11,49,45,,Oct 22,,,,,,,,SurveyUSA-2
293.5,4,Indiana,11,51,41,,Oct 22,,,,,,,,U. of Wisconsin-4
280.0,1,Indiana,11,43,50,,Oct 07,,,,,,,,Rasmussen-1
277.5,4,Indiana,11,46,51,,Oct 06,,,,,,,,Opinion Research-4
271.5,2,Indiana,11,45,48,,Sep 29,,,,,,,,SurveyUSA-2
260.5,2,Indiana,11,47,49,,Sep 18,,,,,,,,Rasmussen-2
259.5,4,Indiana,11,44,47,,Sep 18,,,,,,,,ARG-4
258.5,4,Indiana,11,43,47,,Sep 17,,,,,,,,U. of Wisconsin-4
258.0,3,Indiana,11,45,51,,Sep 16,,,,,,,,Opinion Research-3
258.0,3,Indiana,11,47,44,,Sep 16,,,,,,,,Selzer-3
241.5,2,Indiana,11,43,45,,Aug 30,,,,,,,,Howey-Gauge-2
232.0,3,Indiana,11,42,46,,Aug 21,,,,,,,,Rasmussen-3
229.0,3,Indiana,11,44,50,,Aug 18,,,,,,,,SurveyUSA-3
173.0,3,Indiana,11,48,47,,Jun 23,,,,,,,,SurveyUSA-3
149.5,6,Indiana,11,38,47,,Jun 01,,,,,,,,Ind. Legis. Insight-6
111.5,4,Indiana,11,49,41,,Apr 23,,,,,,,,Selzer-4
105.0,3,Indiana,11,44,51,,Apr 16,,,,,,,,IPFW U.-3
 58.0,3,Indiana,11,41,50,,Feb 28,,,,,,,,SurveyUSA-3
 34.5,2,Indiana,11,40,50,,Feb 04,,,,,,,,SurveyUSA-2
308.0,1,Iowa,7,54,44,,Nov 04,,,,,,,,Final results-1
302.5,4,Iowa,7,54,37,,Oct 31,,,,,,,,Selzer-4
301.5,2,Iowa,7,55,40,,Oct 29,,,,,,,,SurveyUSA-2
296.5,2,Iowa,7,52,42,,Oct 24,,,,,,,,Marist Coll.-2
296.0,1,Iowa,7,52,44,,Oct 23,,,,,,,,Rasmussen-1
295.5,2,Iowa,7,51,40,,Oct 23,,,,,,,,Mason-Dixon-2
293.5,4,Iowa,7,52,39,,Oct 22,,,,,,,,U. of Wisconsin-4
281.5,2,Iowa,7,54,41,,Oct 09,,,,,,,,SurveyUSA-2
268.0,1,Iowa,7,51,43,,Sep 25,,,,,,,,Rasmussen-1
262.5,4,Iowa,7,51,41,,Sep 21,,,,,,,,Marist Coll.-4
261.5,4,Iowa,7,51,44,,Sep 20,,,,,,,,ARG-4
260.5,2,Iowa,7,54,43,,Sep 18,,,,,,,,SurveyUSA-2
258.5,4,Iowa,7,45,45,,Sep 17,,,,,,,,U. of Wisconsin-4
252.0,3,Iowa,7,52,40,,Sep 10,,,,,,,,Selzer-3
244.0,3,Iowa,7,55,40,,Sep 02,,,,,,,,Opinion Research-3
220.5,10,Iowa,7,50,43,,Aug 13,,,,,,,,U. of Iowa-10
219.0,1,Iowa,7,46,41,,Aug 07,,,,,,,,Rasmussen-1
191.0,1,Iowa,7,51,41,,Jul 10,,,,,,,,Rasmussen-1
165.5,4,Iowa,7,49,45,,Jun 16,,,,,,,,SurveyUSA-4
161.0,1,Iowa,7,45,38,,Jun 10,,,,,,,,Rasmussen-1
141.5,2,Iowa,7,47,38,,May 22,,,,,,,,SurveyUSA-2
133.0,1,Iowa,7,44,42,,May 13,,,,,,,,Rasmussen-1
102.0,3,Iowa,7,49,42,,Apr 13,,,,,,,,SurveyUSA-3
 90.0,1,Iowa,7,46,42,,Mar 31,,,,,,,,Rasmussen-1
 74.0,3,Iowa,7,50,44,,Mar 16,,,,,,,,SurveyUSA-3
 58.0,3,Iowa,7,50,41,,Feb 28,,,,,,,,SurveyUSA-3
 49.0,1,Iowa,7,44,41,,Feb 18,,,,,,,,Rasmussen-1
 47.0,3,Iowa,7,51,41,,Feb 17,,,,,,,,SurveyUSA-3
308.0,1,Kansas,6,42,57,,Nov 04,,,,,,,,Final results-1
300.5,2,Kansas,6,37,58,,Oct 28,,,,,,,,SurveyUSA-2
294.5,2,Kansas,6,41,53,,Oct 22,,,,,,,,SurveyUSA-2
286.0,1,Kansas,6,41,54,,Oct 13,,,,,,,,Rasmussen-1
264.5,2,Kansas,6,41,53,,Sep 22,,,,,,,,SurveyUSA-2
261.0,1,Kansas,6,38,58,,Sep 18,,,,,,,,Rasmussen-1
251.5,4,Kansas,6,31,63,,Sep 10,,,,,,,,ARG-4
231.0,3,Kansas,6,35,58,,Aug 20,,,,,,,,SurveyUSA-3
223.0,1,Kansas,6,37,52,,Aug 11,,,,,,,,Rasmussen-1
195.0,1,Kansas,6,32,52,,Jul 14,,,,,,,,Rasmussen-1
162.0,1,Kansas,6,37,47,,Jun 11,,,,,,,,Rasmussen-1
137.0,3,Kansas,6,39,49,,May 18,,,,,,,,SurveyUSA-3
133.0,1,Kansas,6,34,55,,May 13,,,,,,,,Rasmussen-1
102.0,3,Kansas,6,37,54,,Apr 13,,,,,,,,SurveyUSA-3
 74.0,3,Kansas,6,39,51,,Mar 16,,,,,,,,SurveyUSA-3
 58.0,3,Kansas,6,41,50,,Feb 28,,,,,,,,SurveyUSA-3
 47.0,3,Kansas,6,44,50,,Feb 17,,,,,,,,SurveyUSA-3
308.0,1,Kentucky,8,41,57,,Nov 04,,,,,,,,Final results-1
303.5,4,Kentucky,8,40,56,,Nov 01,,,,,,,,SurveyUSA-4
302.0,1,Kentucky,8,43,55,,Oct 29,,,,,,,,Rasmussen-1
301.0,3,Kentucky,8,42,51,,Oct 29,,,,,,,,Mason-Dixon-3
294.0,1,Kentucky,8,44,52,,Oct 21,,,,,,,,Rasmussen-1
292.0,3,Kentucky,8,41,54,,Oct 20,,,,,,,,SurveyUSA-3
273.0,1,Kentucky,8,42,52,,Sep 30,,,,,,,,Rasmussen-1
266.5,4,Kentucky,8,41,53,,Sep 25,,,,,,,,Mason-Dixon-4
264.5,2,Kentucky,8,38,57,,Sep 22,,,,,,,,SurveyUSA-2
253.0,5,Kentucky,8,37,57,,Sep 12,,,,,,,,ARG-5
222.0,3,Kentucky,8,37,55,,Aug 11,,,,,,,,SurveyUSA-3
210.0,1,Kentucky,8,39,49,,Jul 29,,,,,,,,Rasmussen-1
205.5,10,Kentucky,8,39,49,,Jul 29,,,,,,,,Rasmussen-10
176.0,1,Kentucky,8,35,51,,Jun 25,,,,,,,,Rasmussen-1
165.5,4,Kentucky,8,41,53,,Jun 16,,,,,,,,SurveyUSA-4
137.0,3,Kentucky,8,32,56,,May 18,,,,,,,,SurveyUSA-3
102.0,3,Kentucky,8,29,63,,Apr 13,,,,,,,,SurveyUSA-3
 74.0,3,Kentucky,8,28,64,,Mar 16,,,,,,,,SurveyUSA-3
 58.0,3,Kentucky,8,33,54,,Feb 28,,,,,,,,SurveyUSA-3
 34.5,2,Kentucky,8,32,61,,Feb 04,,,,,,,,SurveyUSA-2
308.0,1,Louisiana,9,40,59,,Nov 04,,,,,,,,Final results-1
298.0,3,Louisiana,9,40,43,,Oct 26,,,,,,,,Loyola U.-3
294.5,4,Louisiana,9,38,51,,Oct 23,,,,,,,,Southeastern La. U.-4
294.0,1,Louisiana,9,41,57,,Oct 21,,,,,,,,Rasmussen-1
268.0,1,Louisiana,9,40,55,,Sep 25,,,,,,,,Rasmussen-1
253.5,4,Louisiana,9,43,50,,Sep 12,,,,,,,,ARG-4
229.0,1,Louisiana,9,38,55,,Aug 17,,,,,,,,Rasmussen-1
190.0,1,Louisiana,9,37,56,,Jul 09,,,,,,,,Rasmussen-1
178.0,3,Louisiana,9,36,52,,Jun 28,,,,,,,,Opinion Res.-3
148.0,1,Louisiana,9,41,50,,May 28,,,,,,,,Rasmussen-1
 99.0,1,Louisiana,9,41,52,,Apr 09,,,,,,,,Rasmussen-1
 92.0,15,Louisiana,9,35,51,,Apr 09,,,,,,,,Opinion Res.-15
 58.0,3,Louisiana,9,39,54,,Feb 28,,,,,,,,SurveyUSA-3
308.0,1,Maine,4,58,40,,Nov 04,,,,,,,,Final results-1
305.0,1,Maine,4,56,43,,Nov 01,,,,,,,,Rasmussen-1
292.5,2,Maine,4,54,39,,Oct 20,,,,,,,,SurveyUSA-2
290.5,4,Maine,4,56,35,,Oct 19,,,,,,,,Critical Insights-4
287.5,4,Maine,4,51,39,,Oct 16,,,,,,,,Pan Atlantic SMS-4
275.0,1,Maine,4,51,46,,Oct 02,,,,,,,,Rasmussen-1
265.5,2,Maine,4,49,44,,Sep 23,,,,,,,,SurveyUSA-2
260.0,1,Maine,4,50,46,,Sep 17,,,,,,,,Rasmussen-1
252.0,3,Maine,4,51,41,,Sep 10,,,,,,,,ARG-3
224.0,1,Maine,4,49,36,,Aug 12,,,,,,,,Rasmussen-1
198.0,1,Maine,4,46,36,,Jul 17,,,,,,,,Rasmussen-1
167.0,1,Maine,4,55,33,,Jun 16,,,,,,,,Rasmussen-1
165.0,9,Maine,4,37,26,,Jun 18,,,,,,,,Pan Atlantic SMS-9
165.0,27,Maine,4,51,31,,Jun 27,,,,,,,,Critical Insights-27
134.0,1,Maine,4,51,38,,May 14,,,,,,,,Rasmussen-1
 91.0,1,Maine,4,49,39,,Apr 01,,,,,,,,Rasmussen-1
 58.0,3,Maine,4,53,39,,Feb 28,,,,,,,,SurveyUSA-3
308.0,1,Maryland,10,62,36,,Nov 04,,,,,,,,Final results-1
263.0,1,Maryland,10,60,37,,Sep 20,,,,,,,,Rasmussen-1
261.0,3,Maryland,10,54,39,,Sep 19,,,,,,,,ARG-3
244.5,8,Maryland,10,52,38,,Sep 05,,,,,,,,Gonzales Research-8
230.0,1,Maryland,10,53,41,,Aug 18,,,,,,,,Rasmussen-1
 58.0,3,Maryland,10,53,40,,Feb 28,,,,,,,,SurveyUSA-3
 57.0,7,Maryland,10,51,37,,Mar 01,,,,,,,,Gonzales Res.-7
308.0,1,Massachusetts,12,62,36,,Nov 04,,,,,,,,Final results-1
300.5,2,Massachusetts,12,56,39,,Oct 28,,,,,,,,SurveyUSA-2
294.0,3,Massachusetts,12,53,34,,Oct 22,,,,,,,,Suffolk U.-3
286.5,2,Massachusetts,12,59,35,,Oct 14,,,,,,,,SurveyUSA-2
286.0,1,Massachusetts,12,62,34,,Oct 13,,,,,,,,Rasmussen-1
266.0,1,Massachusetts,12,58,38,,Sep 23,,,,,,,,Rasmussen-1
265.5,2,Massachusetts,12,55,39,,Sep 23,,,,,,,,SurveyUSA-2
264.0,3,Massachusetts,12,55,39,,Sep 22,,,,,,,,ARG-3
217.0,1,Massachusetts,12,51,36,,Aug 05,,,,,,,,Rasmussen-1
213.5,4,Massachusetts,12,47,38,,Aug 03,,,,,,,,Suffolk U.-4
181.0,1,Massachusetts,12,53,33,,Jun 30,,,,,,,,Rasmussen-1
177.0,3,Massachusetts,12,53,40,,Jun 27,,,,,,,,SurveyUSA-3
160.0,3,Massachusetts,12,53,30,,Jun 10,,,,,,,,Suffolk U.-3
149.0,1,Massachusetts,12,51,38,,May 29,,,,,,,,Rasmussen-1
137.0,3,Massachusetts,12,46,41,,May 18,,,,,,,,SurveyUSA-3
113.0,1,Massachusetts,12,51,39,,Apr 23,,,,,,,,Rasmussen-1
102.0,3,Massachusetts,12,48,46,,Apr 13,,,,,,,,SurveyUSA-3
 77.0,1,Massachusetts,12,49,42,,Mar 18,,,,,,,,Rasmussen-1
 74.0,3,Massachusetts,12,47,47,,Mar 16,,,,,,,,SurveyUSA-3
 58.0,3,Massachusetts,12,49,42,,Feb 28,,,,,,,,SurveyUSA-3
 47.0,3,Massachusetts,12,48,46,,Feb 17,,,,,,,,SurveyUSA-3
308.0,1,Michigan,17,57,41,,Nov 04,,,,,,,,Final results-1
302.5,4,Michigan,17,53,37,,Oct 31,,,,,,,,Selzer-4
301.0,1,Michigan,17,53,43,,Oct 28,,,,,,,,Rasmussen-1
300.0,3,Michigan,17,50,38,,Oct 28,,,,,,,,EPIC-MRA-3
293.5,4,Michigan,17,51,37,,Oct 22,,,,,,,,EPIC-MRA-4
293.5,4,Michigan,17,58,36,,Oct 22,,,,,,,,U. of Wisconsin-4
283.0,5,Michigan,17,54,38,,Oct 12,,,,,,,,Quinnipiac U.-5
281.0,1,Michigan,17,56,40,,Oct 08,,,,,,,,Rasmussen-1
266.0,3,Michigan,17,51,38,,Sep 24,,,,,,,,Selzer-3
265.0,3,Michigan,17,51,46,,Sep 23,,,,,,,,Opinion Research-3
264.0,1,Michigan,17,51,44,,Sep 21,,,,,,,,Rasmussen-1
264.0,3,Michigan,17,48,38,,Sep 22,,,,,,,,EPIC-MRA-3
263.5,6,Michigan,17,46,46,,Sep 23,,,,,,,,Mason-Dixon-6
263.0,5,Michigan,17,47,39,,Sep 22,,,,,,,,Financial Dynamics-5
260.5,4,Michigan,17,48,46,,Sep 19,,,,,,,,ARG-4
260.5,8,Michigan,17,48,44,,Sep 21,,,,,,,,Quinnipiac U.-8
260.0,5,Michigan,17,43,46,,Sep 19,,,,,,,,Marketing Resource Grp.-5
259.5,2,Michigan,17,52,43,,Sep 17,,,,,,,,Marist Coll.-2
258.5,4,Michigan,17,43,42,,Sep 17,,,,,,,,EPIC-MRA-4
258.5,4,Michigan,17,48,44,,Sep 17,,,,,,,,U. of Wisconsin-4
253.0,1,Michigan,17,51,46,,Sep 10,,,,,,,,Rasmussen-1
252.5,2,Michigan,17,44,45,,Sep 10,,,,,,,,Insider Advantage-2
251.0,3,Michigan,17,49,45,,Sep 09,,,,,,,,Opinion Research-3
231.5,4,Michigan,17,43,41,,Aug 21,,,,,,,,EPIC-MRA-4
230.5,4,Michigan,17,46,39,,Aug 20,,,,,,,,Selzer-4
219.0,1,Michigan,17,47,40,,Aug 07,,,,,,,,Rasmussen-1
199.0,9,Michigan,17,46,42,,Jul 22,,,,,,,,Quinnipiac U.-9
195.5,4,Michigan,17,43,41,,Jul 16,,,,,,,,EPIC-MRA-4
191.0,1,Michigan,17,50,42,,Jul 10,,,,,,,,Rasmussen-1
171.5,8,Michigan,17,48,42,,Jun 24,,,,,,,,Quinnipiac U.-8
160.0,1,Michigan,17,45,42,,Jun 09,,,,,,,,Rasmussen-1
147.5,2,Michigan,17,37,41,,May 28,,,,,,,,SurveyUSA-2
140.5,4,Michigan,17,40,44,,May 22,,,,,,,,EPIC-MRA-4
128.0,1,Michigan,17,44,45,,May 08,,,,,,,,Rasmussen-1
127.0,1,Michigan,17,44,45,,May 07,,,,,,,,Rasmussen-1
 95.5,6,Michigan,17,43,41,,Apr 08,,,,,,,,EPIC-MRA-6
 84.0,1,Michigan,17,42,43,,Mar 25,,,,,,,,Rasmussen-1
 69.0,1,Michigan,17,41,44,,Mar 10,,,,,,,,Rasmussen-1
 58.0,3,Michigan,17,46,45,,Feb 28,,,,,,,,SurveyUSA-3
308.0,1,Minnesota,10,54,44,,Nov 04,,,,,,,,Final results-1
304.0,3,Minnesota,10,49,46,,Nov 01,,,,,,,,SurveyUSA-3
303.0,3,Minnesota,10,53,42,,Oct 31,,,,,,,,Princeton Survey-3
301.0,1,Minnesota,10,55,43,,Oct 28,,,,,,,,Rasmussen-1
300.5,2,Minnesota,10,48,40,,Oct 28,,,,,,,,Mason-Dixon-2
299.0,5,Minnesota,10,56,37,,Oct 28,,,,,,,,U. of Minnesota-5
295.0,1,Minnesota,10,56,41,,Oct 22,,,,,,,,Rasmussen-1
293.5,4,Minnesota,10,57,38,,Oct 22,,,,,,,,U. of Wisconsin-4
291.0,5,Minnesota,10,50,40,,Oct 20,,,,,,,,Financial Dynamics-5
291.0,9,Minnesota,10,42,37,,Oct 22,,,,,,,,St. Cloud State U.-9
290.0,3,Minnesota,10,50,44,,Oct 18,,,,,,,,SurveyUSA-3
289.5,2,Minnesota,10,52,41,,Oct 17,,,,,,,,Princeton Survey-2
289.5,2,Minnesota,10,52,41,,Oct 17,,,,,,,,Star Tribune-2
283.0,5,Minnesota,10,51,40,,Oct 12,,,,,,,,Quinnipiac U.-5
280.0,1,Minnesota,10,52,45,,Oct 07,,,,,,,,Rasmussen-1
279.5,2,Minnesota,10,49,47,,Oct 07,,,,,,,,SurveyUSA-2
278.5,4,Minnesota,10,47,46,,Oct 07,,,,,,,,ARG-4
277.0,3,Minnesota,10,54,40,,Oct 05,,,,,,,,U. of Minnesota-3
274.0,3,Minnesota,10,55,37,,Oct 02,,,,,,,,Princeton Survey-3
273.5,2,Minnesota,10,46,47,,Oct 01,,,,,,,,SurveyUSA-2
272.0,3,Minnesota,10,54,43,,Sep 30,,,,,,,,Opinion Research-3
262.0,3,Minnesota,10,48,47,,Sep 20,,,,,,,,ARG-3
261.0,1,Minnesota,10,52,44,,Sep 18,,,,,,,,Rasmussen-1
260.5,8,Minnesota,10,47,45,,Sep 21,,,,,,,,Quinnipiac U.-8
258.5,4,Minnesota,10,47,45,,Sep 17,,,,,,,,U. of Wisconsin-4
254.0,3,Minnesota,10,45,45,,Sep 12,,,,,,,,Princeton Survey-3
253.5,2,Minnesota,10,49,47,,Sep 11,,,,,,,,SurveyUSA-2
244.0,3,Minnesota,10,53,41,,Sep 02,,,,,,,,Opinion Research-3
225.5,2,Minnesota,10,47,45,,Aug 14,,,,,,,,SurveyUSA-2
225.0,1,Minnesota,10,46,42,,Aug 13,,,,,,,,Rasmussen-1
224.0,11,Minnesota,10,48,38,,Aug 17,,,,,,,,U. of Minnesota-11
203.0,1,Minnesota,10,49,37,,Jul 22,,,,,,,,Rasmussen-1
199.0,9,Minnesota,10,46,44,,Jul 22,,,,,,,,Quinnipiac U.-9
191.0,1,Minnesota,10,52,34,,Jul 10,,,,,,,,Rasmussen-1
171.5,8,Minnesota,10,54,37,,Jun 24,,,,,,,,Quinnipiac U.-8
165.5,4,Minnesota,10,47,46,,Jun 16,,,,,,,,SurveyUSA-4
162.0,1,Minnesota,10,52,39,,Jun 11,,,,,,,,Rasmussen-1
142.0,1,Minnesota,10,53,38,,May 22,,,,,,,,Rasmussen-1
137.0,3,Minnesota,10,47,42,,May 18,,,,,,,,SurveyUSA-3
133.5,4,Minnesota,10,51,38,,May 15,,,,,,,,Star Tribune-4
112.0,1,Minnesota,10,52,38,,Apr 22,,,,,,,,Rasmussen-1
102.0,3,Minnesota,10,49,43,,Apr 13,,,,,,,,SurveyUSA-3
 78.0,1,Minnesota,10,47,43,,Mar 19,,,,,,,,Rasmussen-1
 74.0,3,Minnesota,10,46,47,,Mar 16,,,,,,,,SurveyUSA-3
 58.0,3,Minnesota,10,49,42,,Feb 28,,,,,,,,SurveyUSA-3
 47.0,1,Minnesota,10,53,38,,Feb 16,,,,,,,,Rasmussen-1
 47.0,3,Minnesota,10,55,40,,Feb 17,,,,,,,,SurveyUSA-3
308.0,1,Mississippi,6,43,56,,Nov 04,,,,,,,,Final results-1
300.0,1,Mississippi,6,45,53,,Oct 27,,,,,,,,Rasmussen-1
291.0,11,Mississippi,6,33,46,,Oct 23,,,,,,,,U. of South Alabama-11
291.0,11,Mississippi,6,33,46,,Oct 23,,,,,,,,USA Polling Group-11
273.0,1,Mississippi,6,44,52,,Sep 30,,,,,,,,Rasmussen-1
257.5,4,Mississippi,6,39,55,,Sep 16,,,,,,,,ARG-4
233.0,1,Mississippi,6,41,54,,Aug 21,,,,,,,,Rasmussen-1
209.0,1,Mississippi,6,41,52,,Jul 28,,,,,,,,Rasmussen-1
175.0,1,Mississippi,6,44,50,,Jun 24,,,,,,,,Rasmussen-1
147.0,1,Mississippi,6,44,50,,May 27,,,,,,,,Rasmussen-1
 58.0,3,Mississippi,6,41,54,,Feb 28,,,,,,,,SurveyUSA-3
308.0,1,Missouri,11,48,49,,Nov 04,,,,,,,,Final results-1
304.5,4,Missouri,11,47,46,,Nov 02,,,,,,,,Zogby-4
302.5,2,Missouri,11,46,47,,Oct 30,,,,,,,,Mason-Dixon-2
302.0,1,Missouri,11,47,50,,Oct 29,,,,,,,,Insider Advantage-1
302.0,3,Missouri,11,48,48,,Oct 30,,,,,,,,ARG-3
299.0,1,Missouri,11,48,47,,Oct 26,,,,,,,,Rasmussen-1
298.5,2,Missouri,11,48,48,,Oct 26,,,,,,,,SurveyUSA-2
298.5,6,Missouri,11,48,50,,Oct 28,,,,,,,,Opinion Research-6
297.5,4,Missouri,11,48,46,,Oct 26,,,,,,,,Zogby-4
295.5,2,Missouri,11,45,46,,Oct 23,,,,,,,,Mason-Dixon-2
292.0,1,Missouri,11,49,44,,Oct 19,,,,,,,,Rasmussen-1
291.0,3,Missouri,11,44,45,,Oct 19,,,,,,,,Suffolk U.-3
288.0,1,Missouri,11,52,46,,Oct 15,,,,,,,,Rasmussen-1
285.5,4,Missouri,11,48,49,,Oct 14,,,,,,,,Opinion Research-4
285.0,1,Missouri,11,50,47,,Oct 12,,,,,,,,Rasmussen-1
284.5,2,Missouri,11,51,43,,Oct 12,,,,,,,,SurveyUSA-2
278.0,1,Missouri,11,50,47,,Oct 05,,,,,,,,Rasmussen-1
278.0,3,Missouri,11,46,49,,Oct 06,,,,,,,,ARG-3
272.0,3,Missouri,11,49,48,,Sep 30,,,,,,,,Opinion Research-3
266.5,2,Missouri,11,46,48,,Sep 24,,,,,,,,SurveyUSA-2
256.0,5,Missouri,11,45,50,,Sep 15,,,,,,,,ARG-5
254.0,1,Missouri,11,46,51,,Sep 11,,,,,,,,Rasmussen-1
251.0,3,Missouri,11,45,50,,Sep 09,,,,,,,,Opinion Research-3
219.0,1,Missouri,11,41,48,,Aug 07,,,,,,,,Rasmussen-1
211.0,3,Missouri,11,44,49,,Jul 31,,,,,,,,SurveyUSA-3
188.0,1,Missouri,11,42,47,,Jul 07,,,,,,,,Rasmussen-1
172.0,3,Missouri,11,43,50,,Jun 22,,,,,,,,SurveyUSA-3
154.0,1,Missouri,11,43,42,,Jun 03,,,,,,,,Rasmussen-1
137.0,3,Missouri,11,45,43,,May 18,,,,,,,,SurveyUSA-3
126.0,1,Missouri,11,41,47,,May 06,,,,,,,,Rasmussen-1
102.0,3,Missouri,11,42,50,,Apr 13,,,,,,,,SurveyUSA-3
 83.0,1,Missouri,11,38,53,,Mar 24,,,,,,,,Rasmussen-1
 74.0,3,Missouri,11,39,53,,Mar 16,,,,,,,,SurveyUSA-3
 58.0,3,Missouri,11,42,48,,Feb 28,,,,,,,,SurveyUSA-3
 47.0,3,Missouri,11,49,43,,Feb 17,,,,,,,,SurveyUSA-3
 43.0,1,Missouri,11,40,42,,Feb 12,,,,,,,,Rasmussen-1
308.0,1,Montana,3,47,50,,Nov 04,,,,,,,,Final results-1
302.0,1,Montana,3,46,50,,Oct 29,,,,,,,,Rasmussen-1
302.0,3,Montana,3,46,49,,Oct 30,,,,,,,,ARG-3
297.0,3,Montana,3,44,48,,Oct 25,,,,,,,,Mason-Dixon-3
291.0,5,Montana,3,44,40,,Oct 20,,,,,,,,Montana State U.-5
280.0,3,Montana,3,45,50,,Oct 08,,,,,,,,ARG-3
274.0,1,Montana,3,44,52,,Oct 01,,,,,,,,Rasmussen-1
265.0,3,Montana,3,43,54,,Sep 23,,,,,,,,Opinion Research-3
251.0,1,Montana,3,42,53,,Sep 08,,,,,,,,Rasmussen-1
251.0,3,Montana,3,47,49,,Sep 09,,,,,,,,ARG-3
210.0,1,Montana,3,44,45,,Jul 29,,,,,,,,Rasmussen-1
182.0,1,Montana,3,48,43,,Jul 01,,,,,,,,Rasmussen-1
140.0,3,Montana,3,39,47,,May 21,,,,,,,,Mason-Dixon-3
 96.0,1,Montana,3,43,48,,Apr 06,,,,,,,,Rasmussen-1
 58.0,3,Montana,3,39,47,,Feb 28,,,,,,,,SurveyUSA-3
308.0,1,Nebraska,5,42,57,,Nov 04,,,,,,,,Obama_won_NE-02 Final results-1
273.0,1,Nebraska,5,37,56,,Sep 30,,,,,,,,Rasmussen-1
257.5,6,Nebraska,5,34,60,,Sep 17,,,,,,,,ARG-6
209.0,1,Nebraska,5,32,50,,Jul 28,,,,,,,,Rasmussen-1
174.0,1,Nebraska,5,36,52,,Jun 23,,,,,,,,Rasmussen-1
137.0,3,Nebraska,5,40,49,,May 18,,,,,,,,SurveyUSA-3
135.0,1,Nebraska,5,39,50,,May 15,,,,,,,,Rasmussen-1
 58.0,3,Nebraska,5,42,45,,Feb 28,,,,,,,,SurveyUSA-3
308.0,1,Nevada,5,55,43,,Nov 04,,,,,,,,Final results-1
304.5,4,Nevada,5,51,43,,Nov 02,,,,,,,,Zogby-4
301.5,2,Nevada,5,47,43,,Oct 29,,,,,,,,Mason-Dixon-2
300.0,1,Nevada,5,50,46,,Oct 27,,,,,,,,Rasmussen-1
299.0,1,Nevada,5,50,40,,Oct 26,,,,,,,,Suffolk U.-1
298.5,6,Nevada,5,52,45,,Oct 28,,,,,,,,Opinion Research-6
297.5,4,Nevada,5,48,44,,Oct 26,,,,,,,,Zogby-4
297.5,4,Nevada,5,52,40,,Oct 26,,,,,,,,GfK Roper-4
293.0,3,Nevada,5,51,46,,Oct 21,,,,,,,,Opinion Research-3
292.0,1,Nevada,5,47,47,,Oct 19,,,,,,,,Insider Advantage-1
289.0,1,Nevada,5,50,45,,Oct 16,,,,,,,,Rasmussen-1
286.0,1,Nevada,5,49,46,,Oct 13,,,,,,,,Insider Advantage-1
281.5,2,Nevada,5,47,45,,Oct 09,,,,,,,,Mason-Dixon-2
279.0,1,Nevada,5,49,47,,Oct 06,,,,,,,,Insider Advantage-1
275.0,1,Nevada,5,51,47,,Oct 02,,,,,,,,Rasmussen-1
273.0,1,Nevada,5,48,47,,Sep 30,,,,,,,,Insider Advantage-1
272.0,3,Nevada,5,51,47,,Sep 30,,,,,,,,Opinion Research-3
271.0,3,Nevada,5,47,49,,Sep 29,,,,,,,,ARG-3
262.0,5,Nevada,5,45,46,,Sep 21,,,,,,,,Suffolk U.-5
256.0,3,Nevada,5,46,49,,Sep 14,,,,,,,,ARG-3
254.0,1,Nevada,5,46,49,,Sep 11,,,,,,,,Rasmussen-1
252.5,2,Nevada,5,45,46,,Sep 10,,,,,,,,Insider Advantage-2
237.0,3,Nevada,5,49,44,,Aug 26,,,,,,,,Opinion Research-3
226.0,3,Nevada,5,39,46,,Aug 15,,,,,,,,Mason-Dixon-3
223.0,1,Nevada,5,42,45,,Aug 11,,,,,,,,Rasmussen-1
197.0,1,Nevada,5,42,40,,Jul 16,,,,,,,,Rasmussen-1
169.0,1,Nevada,5,42,45,,Jun 18,,,,,,,,Rasmussen-1
161.0,3,Nevada,5,42,44,,Jun 11,,,,,,,,Mason-Dixon-3
140.0,1,Nevada,5,40,46,,May 20,,,,,,,,Rasmussen-1
111.0,1,Nevada,5,43,48,,Apr 21,,,,,,,,Rasmussen-1
 78.0,1,Nevada,5,45,41,,Mar 19,,,,,,,,Rasmussen-1
 58.0,3,Nevada,5,46,41,,Feb 28,,,,,,,,SurveyUSA-3
 43.0,1,Nevada,5,50,38,,Feb 12,,,,,,,,Rasmussen-1
308.0,1,New Hampshire,4,54,45,,Nov 04,,,,,,,,Final results-1
303.0,1,New Hampshire,4,50,46,,Oct 30,,,,,,,,Rasmussen-1
302.5,2,New Hampshire,4,53,42,,Oct 30,,,,,,,,SurveyUSA-2
302.0,3,New Hampshire,4,53,39,,Oct 30,,,,,,,,U. of New Hampshire-3
302.0,3,New Hampshire,4,56,41,,Oct 30,,,,,,,,ARG-3
301.0,3,New Hampshire,4,53,40,,Oct 29,,,,,,,,Suffolk U.-3
299.0,3,New Hampshire,4,58,33,,Oct 27,,,,,,,,U. of New Hampshire-3
297.0,3,New Hampshire,4,50,39,,Oct 25,,,,,,,,Mason-Dixon-3
297.0,5,New Hampshire,4,55,37,,Oct 26,,,,,,,,GfK Roper-5
296.0,1,New Hampshire,4,50,46,,Oct 23,,,,,,,,Rasmussen-1
295.5,2,New Hampshire,4,50,45,,Oct 23,,,,,,,,Marist Coll.-2
293.0,5,New Hampshire,4,54,39,,Oct 22,,,,,,,,U. of New Hampshire-5
280.0,3,New Hampshire,4,52,43,,Oct 08,,,,,,,,ARG-3
277.5,2,New Hampshire,4,53,40,,Oct 05,,,,,,,,SurveyUSA-2
277.5,4,New Hampshire,4,53,45,,Oct 06,,,,,,,,Opinion Research-4
274.0,1,New Hampshire,4,53,43,,Oct 01,,,,,,,,Rasmussen-1
270.5,6,New Hampshire,4,49,37,,Sep 30,,,,,,,,Saint Anselm Coll.-6
266.0,1,New Hampshire,4,47,49,,Sep 23,,,,,,,,Rasmussen-1
265.0,5,New Hampshire,4,46,45,,Sep 24,,,,,,,,Suffolk U.-5
263.0,5,New Hampshire,4,44,43,,Sep 22,,,,,,,,Financial Dynamics-5
262.0,5,New Hampshire,4,51,45,,Sep 21,,,,,,,,Marist Coll.-5
260.5,8,New Hampshire,4,45,47,,Sep 21,,,,,,,,U. of New Hampshire-8
257.0,3,New Hampshire,4,45,48,,Sep 15,,,,,,,,ARG-3
251.0,3,New Hampshire,4,51,45,,Sep 09,,,,,,,,Opinion Research-3
231.0,1,New Hampshire,4,43,42,,Aug 19,,,,,,,,Rasmussen-1
231.0,3,New Hampshire,4,46,45,,Aug 20,,,,,,,,ARG-3
204.0,1,New Hampshire,4,47,41,,Jul 23,,,,,,,,Rasmussen-1
201.0,3,New Hampshire,4,47,45,,Jul 21,,,,,,,,ARG-3
196.5,10,New Hampshire,4,46,43,,Jul 20,,,,,,,,U. of New Hampshire-10
169.0,1,New Hampshire,4,50,39,,Jun 18,,,,,,,,Rasmussen-1
166.0,5,New Hampshire,4,51,39,,Jun 17,,,,,,,,ARG-5
141.0,1,New Hampshire,4,48,43,,May 21,,,,,,,,Rasmussen-1
120.0,1,New Hampshire,4,41,51,,Apr 30,,,,,,,,Rasmussen-1
120.0,5,New Hampshire,4,39,42,,May 02,,,,,,,,Dartmouth Coll.-5
117.5,6,New Hampshire,4,43,49,,Apr 30,,,,,,,,U. of New Hampshire-6
 75.0,1,New Hampshire,4,43,46,,Mar 16,,,,,,,,Rasmussen-1
 58.0,3,New Hampshire,4,46,44,,Feb 28,,,,,,,,SurveyUSA-3
 42.0,1,New Hampshire,4,49,36,,Feb 11,,,,,,,,Rasmussen-1
308.0,1,New Jersey,15,57,42,,Nov 04,,,,,,,,Final results-1
302.5,2,New Jersey,15,52,42,,Oct 30,,,,,,,,SurveyUSA-2
300.0,7,New Jersey,15,55,34,,Oct 30,,,,,,,,Monmouth U.-7
299.0,7,New Jersey,15,53,35,,Oct 29,,,,,,,,Fairleigh Dickinson U.-7
293.5,2,New Jersey,15,56,39,,Oct 21,,,,,,,,Marist Coll.-2
290.5,4,New Jersey,15,59,36,,Oct 19,,,,,,,,Quinnipiac U.-4
289.5,4,New Jersey,15,55,38,,Oct 18,,,,,,,,Monmouth U.-4
284.5,2,New Jersey,15,55,40,,Oct 12,,,,,,,,SurveyUSA-2
280.0,1,New Jersey,15,50,42,,Oct 07,,,,,,,,Rasmussen-1
275.0,7,New Jersey,15,50,37,,Oct 05,,,,,,,,Fairleigh Dickinson U.-7
270.5,2,New Jersey,15,52,42,,Sep 28,,,,,,,,SurveyUSA-2
263.0,3,New Jersey,15,51,42,,Sep 21,,,,,,,,ARG-3
259.0,1,New Jersey,15,55,42,,Sep 16,,,,,,,,Rasmussen-1
255.5,4,New Jersey,15,49,41,,Sep 14,,,,,,,,Monmouth U.-4
255.0,5,New Jersey,15,48,45,,Sep 14,,,,,,,,Quinnipiac U.-5
249.5,4,New Jersey,15,48,45,,Sep 08,,,,,,,,Marist Coll.-4
248.5,4,New Jersey,15,47,41,,Sep 07,,,,,,,,Fairleigh Dickinson U.-4
219.0,7,New Jersey,15,51,41,,Aug 10,,,,,,,,Quinnipiac U.-7
216.0,1,New Jersey,15,48,40,,Aug 04,,,,,,,,Rasmussen-1
200.0,5,New Jersey,15,50,36,,Jul 21,,,,,,,,Monmouth U.-5
173.0,31,New Jersey,15,44,39,,Jul 07,,,,,,,,Rasmussen-31
171.0,7,New Jersey,15,49,33,,Jun 23,,,,,,,,Fairleigh Dickinson U.-7
157.5,4,New Jersey,15,45,39,,Jun 08,,,,,,,,Quinnipiac U.-4
155.0,1,New Jersey,15,48,39,,Jun 04,,,,,,,,Rasmussen-1
116.0,5,New Jersey,15,56,32,,Apr 28,,,,,,,,Monmouth U.-5
 86.0,1,New Jersey,15,45,46,,Mar 27,,,,,,,,Rasmussen-1
 86.0,7,New Jersey,15,47,42,,Mar 30,,,,,,,,Fairleigh Dickinson U.-7
 58.0,1,New Jersey,15,43,45,,Feb 27,,,,,,,,Rasmussen-1
 58.0,3,New Jersey,15,43,43,,Feb 28,,,,,,,,SurveyUSA-3
 52.0,7,New Jersey,15,43,38,,Feb 24,,,,,,,,Fairleigh Dickinson U.-7
 46.5,6,New Jersey,15,46,39,,Feb 18,,,,,,,,Quinnipiac U.-6
308.0,1,New Mexico,5,57,42,,Nov 04,,,,,,,,Final results-1
303.0,3,New Mexico,5,52,45,,Oct 31,,,,,,,,SurveyUSA-3
302.0,3,New Mexico,5,51,43,,Oct 30,,,,,,,,Research and Polling-3
301.0,1,New Mexico,5,54,44,,Oct 28,,,,,,,,Rasmussen-1
286.0,1,New Mexico,5,55,42,,Oct 13,,,,,,,,Rasmussen-1
285.5,2,New Mexico,5,52,45,,Oct 13,,,,,,,,SurveyUSA-2
274.0,1,New Mexico,5,49,44,,Oct 01,,,,,,,,Rasmussen-1
273.5,4,New Mexico,5,45,40,,Oct 02,,,,,,,,Research and Polling-4
272.5,2,New Mexico,5,52,44,,Sep 30,,,,,,,,SurveyUSA-2
258.0,3,New Mexico,5,51,44,,Sep 16,,,,,,,,ARG-3
258.0,3,New Mexico,5,52,44,,Sep 16,,,,,,,,SurveyUSA-3
256.0,5,New Mexico,5,49,42,,Sep 15,,,,,,,,Financial Dynamics-5
251.0,1,New Mexico,5,47,49,,Sep 08,,,,,,,,Rasmussen-1
237.0,3,New Mexico,5,53,40,,Aug 26,,,,,,,,Opinion Research-3
232.0,1,New Mexico,5,47,41,,Aug 20,,,,,,,,Rasmussen-1
226.0,3,New Mexico,5,41,45,,Aug 15,,,,,,,,Mason-Dixon-3
205.0,1,New Mexico,5,46,41,,Jul 24,,,,,,,,Rasmussen-1
169.0,1,New Mexico,5,47,39,,Jun 18,,,,,,,,Rasmussen-1
169.0,3,New Mexico,5,49,46,,Jun 19,,,,,,,,SurveyUSA-3
137.0,3,New Mexico,5,44,44,,May 18,,,,,,,,SurveyUSA-3
134.0,1,New Mexico,5,50,41,,May 14,,,,,,,,Rasmussen-1
102.0,3,New Mexico,5,44,50,,Apr 13,,,,,,,,SurveyUSA-3
 98.0,1,New Mexico,5,45,42,,Apr 08,,,,,,,,Rasmussen-1
 74.0,3,New Mexico,5,51,45,,Mar 16,,,,,,,,SurveyUSA-3
 58.0,3,New Mexico,5,50,43,,Feb 28,,,,,,,,SurveyUSA-3
 48.5,2,New Mexico,5,44,44,,Feb 18,,,,,,,,Rasmussen-2
 47.0,3,New Mexico,5,55,40,,Feb 17,,,,,,,,SurveyUSA-3
 20.5,2,New Mexico,5,41,50,,Jan 21,,,,,,,,SurveyUSA-2
308.0,1,New York,31,63,36,,Nov 04,,,,,,,,Final results-1
300.5,2,New York,31,62,33,,Oct 28,,,,,,,,SurveyUSA-2
294.5,2,New York,31,65,29,,Oct 22,,,,,,,,Marist Coll.-2
293.0,3,New York,31,62,31,,Oct 21,,,,,,,,Siena Coll.-3
287.0,1,New York,31,57,37,,Oct 14,,,,,,,,Rasmussen-1
284.5,2,New York,31,64,31,,Oct 12,,,,,,,,SurveyUSA-2
272.0,3,New York,31,58,36,,Sep 30,,,,,,,,Siena Coll.-3
266.5,2,New York,31,57,38,,Sep 24,,,,,,,,SurveyUSA-2
258.0,1,New York,31,55,42,,Sep 15,,,,,,,,Rasmussen-1
258.0,3,New York,31,55,38,,Sep 16,,,,,,,,ARG-3
252.0,3,New York,31,46,41,,Sep 10,,,,,,,,Siena Coll.-3
224.5,4,New York,31,47,39,,Aug 14,,,,,,,,Siena Coll.-4
216.0,1,New York,31,52,32,,Aug 04,,,,,,,,Rasmussen-1
214.0,5,New York,31,57,36,,Aug 04,,,,,,,,Quinnipiac U.-5
204.0,13,New York,31,44,26,,Jul 29,,,,,,,,Siena Coll.-13
189.5,4,New York,31,50,37,,Jul 10,,,,,,,,Siena Coll.-4
181.0,1,New York,31,60,29,,Jun 30,,,,,,,,Rasmussen-1
177.0,3,New York,31,57,37,,Jun 27,,,,,,,,SurveyUSA-3
161.0,3,New York,31,51,33,,Jun 11,,,,,,,,Siena Coll.-3
159.5,6,New York,31,51,32,,Jun 11,,,,,,,,NY Times-6
156.5,6,New York,31,50,36,,Jun 08,,,,,,,,Quinnipiac U.-6
148.0,1,New York,31,52,33,,May 28,,,,,,,,Rasmussen-1
137.0,3,New York,31,48,38,,May 18,,,,,,,,SurveyUSA-3
136.5,2,New York,31,48,38,,May 17,,,,,,,,SurveyUSA-2
133.0,3,New York,31,49,38,,May 14,,,,,,,,Siena Coll.-3
121.0,1,New York,31,52,35,,May 01,,,,,,,,Rasmussen-1
104.5,2,New York,31,47,39,,Apr 15,,,,,,,,Quinnipiac U.-2
104.5,4,New York,31,45,40,,Apr 16,,,,,,,,Siena Coll.-4
102.0,3,New York,31,52,43,,Apr 13,,,,,,,,SurveyUSA-3
 95.5,6,New York,31,46,48,,Apr 08,,,,,,,,Marist Coll.-6
 76.0,3,New York,31,49,38,,Mar 18,,,,,,,,Quinnipiac U.-3
 74.0,3,New York,31,52,44,,Mar 16,,,,,,,,SurveyUSA-3
 70.0,1,New York,31,51,38,,Mar 11,,,,,,,,Rasmussen-1
 58.0,3,New York,31,52,38,,Feb 28,,,,,,,,SurveyUSA-3
 47.0,3,New York,31,57,36,,Feb 17,,,,,,,,SurveyUSA-3
 43.5,4,New York,31,47,40,,Feb 14,,,,,,,,Siena Coll.-4
 20.5,2,New York,31,49,43,,Jan 21,,,,,,,,SurveyUSA-2
 15.5,4,New York,31,44,42,,Jan 17,,,,,,,,Siena Coll.-4
308.0,1,North Carolina,15,50,49,,Nov 04,,,,,,,,Final results-1
304.5,4,North Carolina,15,48,49,,Nov 02,,,,,,,,Zogby-4
302.5,2,North Carolina,15,46,49,,Oct 30,,,,,,,,Mason-Dixon-2
302.0,1,North Carolina,15,48,48,,Oct 29,,,,,,,,Insider Advantage-1
302.0,1,North Carolina,15,50,48,,Oct 29,,,,,,,,Rasmussen-1
301.5,4,North Carolina,15,45,38,,Oct 30,,,,,,,,Elon U.-4
299.0,1,North Carolina,15,48,49,,Oct 26,,,,,,,,Rasmussen-1
298.5,6,North Carolina,15,52,46,,Oct 28,,,,,,,,Opinion Research-6
298.0,5,North Carolina,15,47,43,,Oct 27,,,,,,,,Financial Dynamics-5
297.5,4,North Carolina,15,50,46,,Oct 26,,,,,,,,Zogby-4
297.0,5,North Carolina,15,48,46,,Oct 26,,,,,,,,GfK Roper-5
296.0,1,North Carolina,15,48,50,,Oct 23,,,,,,,,Rasmussen-1
296.0,3,North Carolina,15,47,47,,Oct 24,,,,,,,,Mason-Dixon-3
293.5,2,North Carolina,15,48,46,,Oct 21,,,,,,,,Marshall Marketing-2
293.0,3,North Carolina,15,51,47,,Oct 21,,,,,,,,Opinion Research-3
292.0,1,North Carolina,15,49,48,,Oct 19,,,,,,,,Insider Advantage-1
292.0,1,North Carolina,15,51,48,,Oct 19,,,,,,,,Rasmussen-1
292.0,3,North Carolina,15,47,47,,Oct 20,,,,,,,,SurveyUSA-3
286.0,1,North Carolina,15,48,46,,Oct 13,,,,,,,,Insider Advantage-1
285.0,1,North Carolina,15,48,48,,Oct 12,,,,,,,,Rasmussen-1
281.5,22,North Carolina,15,45,44,,Oct 19,,,,,,,,Winthrop U.-22
281.0,1,North Carolina,15,49,48,,Oct 08,,,,,,,,Rasmussen-1
279.5,2,North Carolina,15,46,48,,Oct 07,,,,,,,,Marshall Marketing-2
278.5,2,North Carolina,15,46,49,,Oct 06,,,,,,,,SurveyUSA-2
277.5,4,North Carolina,15,49,49,,Oct 06,,,,,,,,Opinion Research-4
273.0,1,North Carolina,15,50,47,,Sep 30,,,,,,,,Rasmussen-1
271.0,3,North Carolina,15,46,49,,Sep 29,,,,,,,,ARG-3
266.0,1,North Carolina,15,49,47,,Sep 23,,,,,,,,Rasmussen-1
261.0,1,North Carolina,15,47,50,,Sep 18,,,,,,,,Rasmussen-1
259.5,4,North Carolina,15,35,41,,Sep 18,,,,,,,,Elon U.-4
258.0,3,North Carolina,15,47,48,,Sep 16,,,,,,,,Opinion Research-3
257.5,4,North Carolina,15,41,52,,Sep 16,,,,,,,,ARG-4
250.0,3,North Carolina,15,38,58,,Sep 08,,,,,,,,SurveyUSA-3
231.0,1,North Carolina,15,43,45,,Aug 19,,,,,,,,Insider Advantage-1
225.0,1,North Carolina,15,42,46,,Aug 13,,,,,,,,Rasmussen-1
222.0,3,North Carolina,15,45,49,,Aug 11,,,,,,,,SurveyUSA-3
196.0,1,North Carolina,15,42,45,,Jul 15,,,,,,,,Rasmussen-1
194.0,3,North Carolina,15,45,50,,Jul 14,,,,,,,,SurveyUSA-3
161.0,1,North Carolina,15,43,45,,Jun 10,,,,,,,,Rasmussen-1
138.0,3,North Carolina,15,43,51,,May 19,,,,,,,,SurveyUSA-3
128.0,1,North Carolina,15,45,48,,May 08,,,,,,,,Rasmussen-1
100.0,1,North Carolina,15,47,47,,Apr 10,,,,,,,,Rasmussen-1
 99.5,2,North Carolina,15,39,48,,Apr 10,,,,,,,,Tel Opinion Research-2
 79.0,1,North Carolina,15,42,51,,Mar 20,,,,,,,,Rasmussen-1
 58.0,3,North Carolina,15,45,47,,Feb 28,,,,,,,,SurveyUSA-3
308.0,1,North Dakota,3,45,53,,Nov 04,,,,,,,,Final results-1
280.0,3,North Dakota,3,45,43,,Oct 08,,,,,,,,Minnesota State U.-3
259.0,3,North Dakota,3,43,52,,Sep 17,,,,,,,,ARG-3
251.0,1,North Dakota,3,41,55,,Sep 08,,,,,,,,Rasmussen-1
237.0,5,North Dakota,3,43,40,,Aug 27,,,,,,,,DFM Research-5
189.0,1,North Dakota,3,43,43,,Jul 08,,,,,,,,Rasmussen-1
 88.0,11,North Dakota,3,38,44,,Apr 03,,,,,,,,Dakota Wesleyan U.-11
 58.0,3,North Dakota,3,46,42,,Feb 28,,,,,,,,SurveyUSA-3
308.0,1,Ohio,20,51,47,,Nov 04,,,,,,,,Final results-1
304.5,4,Ohio,20,50,44,,Nov 02,,,,,,,,Zogby-4
302.5,2,Ohio,20,45,47,,Oct 30,,,,,,,,Mason-Dixon-2
299.5,2,Ohio,20,49,45,,Oct 27,,,,,,,,SurveyUSA-2
299.5,10,Ohio,20,52,46,,Oct 31,,,,,,,,Columbus Dispatch-10
299.0,1,Ohio,20,49,45,,Oct 26,,,,,,,,Rasmussen-1
299.0,3,Ohio,20,49,40,,Oct 27,,,,,,,,LA Times-3
298.5,6,Ohio,20,51,47,,Oct 28,,,,,,,,Opinion Research-6
298.0,3,Ohio,20,48,45,,Oct 26,,,,,,,,Marist Coll.-3
298.0,5,Ohio,20,48,41,,Oct 27,,,,,,,,Financial Dynamics-5
297.5,4,Ohio,20,50,45,,Oct 26,,,,,,,,Zogby-4
297.0,5,Ohio,20,48,41,,Oct 26,,,,,,,,GfK Roper-5
297.0,5,Ohio,20,51,42,,Oct 26,,,,,,,,Quinnipiac U.-5
295.0,1,Ohio,20,52,42,,Oct 22,,,,,,,,Insider Advantage-1
293.5,4,Ohio,20,53,41,,Oct 22,,,,,,,,U. of Wisconsin-4
293.0,3,Ohio,20,50,46,,Oct 21,,,,,,,,Opinion Research-3
293.0,5,Ohio,20,49,46,,Oct 22,,,,,,,,U. of Cincinnati-5
292.0,1,Ohio,20,47,49,,Oct 19,,,,,,,,Rasmussen-1
291.5,6,Ohio,20,52,38,,Oct 21,,,,,,,,Quinnipiac U.-6
290.5,4,Ohio,20,51,42,,Oct 19,,,,,,,,Suffolk U.-4
290.5,12,Ohio,20,57,41,,Oct 23,,,,,,,,Ohio U.-12
289.5,2,Ohio,20,45,46,,Oct 17,,,,,,,,Mason-Dixon-2
287.0,1,Ohio,20,49,49,,Oct 14,,,,,,,,Rasmussen-1
285.5,2,Ohio,20,50,45,,Oct 13,,,,,,,,SurveyUSA-2
285.0,1,Ohio,20,49,47,,Oct 12,,,,,,,,Rasmussen-1
282.0,1,Ohio,20,49,44,,Oct 09,,,,,,,,Insider Advantage-1
279.5,4,Ohio,20,49,45,,Oct 08,,,,,,,,Marist Coll.-4
279.0,5,Ohio,20,46,48,,Oct 08,,,,,,,,U. of Cincinnati-5
278.5,4,Ohio,20,48,45,,Oct 07,,,,,,,,ARG-4
278.0,1,Ohio,20,47,48,,Oct 05,,,,,,,,Rasmussen-1
277.5,4,Ohio,20,50,47,,Oct 06,,,,,,,,Opinion Research-4
277.5,22,Ohio,20,45,41,,Oct 15,,,,,,,,U. of Akron-22
277.0,3,Ohio,20,51,45,,Oct 05,,,,,,,,ABC News-3
277.0,3,Ohio,20,51,45,,Oct 05,,,,,,,,Washington Post-3
272.0,1,Ohio,20,47,45,,Sep 29,,,,,,,,Insider Advantage-1
271.5,2,Ohio,20,48,49,,Sep 29,,,,,,,,SurveyUSA-2
271.5,10,Ohio,20,49,42,,Oct 03,,,,,,,,Columbus Dispatch-10
271.0,1,Ohio,20,47,48,,Sep 28,,,,,,,,Rasmussen-1
271.0,3,Ohio,20,50,42,,Sep 29,,,,,,,,Quinnipiac U.-3
266.0,1,Ohio,20,46,47,,Sep 23,,,,,,,,Rasmussen-1
265.0,1,Ohio,20,46,46,,Sep 22,,,,,,,,Insider Advantage-1
264.0,1,Ohio,20,46,50,,Sep 21,,,,,,,,Rasmussen-1
258.5,4,Ohio,20,46,45,,Sep 17,,,,,,,,U. of Wisconsin-4
258.0,3,Ohio,20,49,47,,Sep 16,,,,,,,,Opinion Research-3
257.0,1,Ohio,20,45,48,,Sep 14,,,,,,,,Rasmussen-1
257.0,5,Ohio,20,42,48,,Sep 16,,,,,,,,U. of Cincinnati-5
256.0,3,Ohio,20,45,49,,Sep 14,,,,,,,,SurveyUSA-3
256.0,5,Ohio,20,41,42,,Sep 15,,,,,,,,Financial Dynamics-5
256.0,5,Ohio,20,47,45,,Sep 15,,,,,,,,Marist Coll.-5
254.5,4,Ohio,20,42,46,,Sep 13,,,,,,,,Suffolk U.-4
254.5,4,Ohio,20,44,50,,Sep 13,,,,,,,,ARG-4
252.5,2,Ohio,20,47,48,,Sep 10,,,,,,,,Insider Advantage-2
250.5,6,Ohio,20,44,48,,Sep 10,,,,,,,,U. of Cincinnati-6
250.0,1,Ohio,20,44,51,,Sep 07,,,,,,,,Rasmussen-1
250.0,5,Ohio,20,49,44,,Sep 09,,,,,,,,Quinnipiac U.-5
244.0,3,Ohio,20,47,45,,Sep 02,,,,,,,,Opinion Research-3
232.5,8,Ohio,20,44,43,,Aug 24,,,,,,,,Quinnipiac U.-8
230.0,1,Ohio,20,41,45,,Aug 18,,,,,,,,Rasmussen-1
228.5,10,Ohio,20,41,42,,Aug 21,,,,,,,,Columbus Dispatch-10
213.5,32,Ohio,20,40,40,,Aug 17,,,,,,,,U. of Akron-32
207.0,7,Ohio,20,46,44,,Jul 29,,,,,,,,Quinnipiac U.-7
202.0,1,Ohio,20,40,46,,Jul 21,,,,,,,,Rasmussen-1
172.0,3,Ohio,20,48,46,,Jun 22,,,,,,,,SurveyUSA-3
168.0,1,Ohio,20,43,44,,Jun 17,,,,,,,,Rasmussen-1
163.5,8,Ohio,20,48,42,,Jun 16,,,,,,,,Quinnipiac U.-8
137.0,3,Ohio,20,48,39,,May 18,,,,,,,,SurveyUSA-3
136.5,8,Ohio,20,40,44,,May 20,,,,,,,,Quinnipiac U.-8
134.0,1,Ohio,20,44,45,,May 14,,,,,,,,Rasmussen-1
116.0,7,Ohio,20,42,43,,Apr 29,,,,,,,,Quinnipiac U.-7
102.0,3,Ohio,20,45,47,,Apr 13,,,,,,,,SurveyUSA-3
 98.0,1,Ohio,20,40,47,,Apr 08,,,,,,,,Rasmussen-1
 86.5,8,Ohio,20,43,42,,Mar 31,,,,,,,,Quinnipiac U.-8
 74.0,3,Ohio,20,43,50,,Mar 16,,,,,,,,SurveyUSA-3
 72.0,1,Ohio,20,40,46,,Mar 13,,,,,,,,Rasmussen-1
 58.0,3,Ohio,20,50,40,,Feb 28,,,,,,,,SurveyUSA-3
 53.5,4,Ohio,20,48,47,,Feb 24,,,,,,,,U. of Cincinnati-4
 48.0,1,Ohio,20,41,42,,Feb 17,,,,,,,,Rasmussen-1
 47.0,3,Ohio,20,47,44,,Feb 17,,,,,,,,SurveyUSA-3
 40.0,7,Ohio,20,40,42,,Feb 12,,,,,,,,Quinnipiac U.-7
  5.0,3,Ohio,20,43,50,,Jan 06,,,,,,,,SurveyUSA-3
308.0,1,Oklahoma,7,34,66,,Nov 04,,,,,,,,Final results-1
301.5,2,Oklahoma,7,34,63,,Oct 29,,,,,,,,SurveyUSA-2
291.5,2,Oklahoma,7,35,59,,Oct 19,,,,,,,,SurveyUSA-2
284.0,3,Oklahoma,7,32,63,,Oct 12,,,,,,,,TV Poll-3
277.5,2,Oklahoma,7,29,66,,Oct 05,,,,,,,,TV Poll-2
271.5,2,Oklahoma,7,34,64,,Sep 29,,,,,,,,SurveyUSA-2
259.5,4,Oklahoma,7,34,61,,Sep 18,,,,,,,,ARG-4
254.0,1,Oklahoma,7,32,63,,Sep 11,,,,,,,,Rasmussen-1
249.0,3,Oklahoma,7,32,65,,Sep 07,,,,,,,,SurveyUSA-3
202.0,5,Oklahoma,7,24,56,,Jul 23,,,,,,,,Sooner Poll-5
 58.0,3,Oklahoma,7,34,57,,Feb 28,,,,,,,,SurveyUSA-3
308.0,1,Oregon,7,57,40,,Nov 04,,,,,,,,Final results-1
303.0,1,Oregon,7,54,42,,Oct 30,,,,,,,,Rasmussen-1
302.5,2,Oregon,7,57,38,,Oct 30,,,,,,,,SurveyUSA-2
298.5,2,Oregon,7,57,38,,Oct 26,,,,,,,,SurveyUSA-2
295.5,10,Oregon,7,49,41,,Oct 27,,,,,,,,Northern Arizona U.-10
288.0,11,Oregon,7,48,34,,Oct 20,,,,,,,,Riley Research-11
287.0,1,Oregon,7,54,41,,Oct 14,,,,,,,,Rasmussen-1
284.5,2,Oregon,7,57,40,,Oct 12,,,,,,,,SurveyUSA-2
282.0,1,Oregon,7,54,43,,Oct 09,,,,,,,,Rasmussen-1
265.5,2,Oregon,7,52,41,,Sep 23,,,,,,,,SurveyUSA-2
263.5,4,Oregon,7,52,41,,Sep 22,,,,,,,,ARG-4
258.0,1,Oregon,7,51,47,,Sep 15,,,,,,,,Rasmussen-1
255.5,4,Oregon,7,50,40,,Sep 14,,,,,,,,Davis Hibbitts Midghall-4
219.0,1,Oregon,7,47,37,,Aug 07,,,,,,,,Rasmussen-1
215.0,3,Oregon,7,48,45,,Aug 04,,,,,,,,SurveyUSA-3
197.0,1,Oregon,7,46,37,,Jul 16,,,,,,,,Rasmussen-1
169.0,3,Oregon,7,48,45,,Jun 19,,,,,,,,SurveyUSA-3
162.0,1,Oregon,7,46,38,,Jun 11,,,,,,,,Rasmussen-1
137.0,3,Oregon,7,49,39,,May 18,,,,,,,,SurveyUSA-3
127.0,1,Oregon,7,52,38,,May 07,,,,,,,,Rasmussen-1
102.0,3,Oregon,7,51,42,,Apr 13,,,,,,,,SurveyUSA-3
 85.0,1,Oregon,7,48,42,,Mar 26,,,,,,,,Rasmussen-1
 74.0,3,Oregon,7,50,41,,Mar 16,,,,,,,,SurveyUSA-3
 58.0,3,Oregon,7,49,41,,Feb 28,,,,,,,,SurveyUSA-3
 47.0,3,Oregon,7,48,47,,Feb 17,,,,,,,,SurveyUSA-3
 44.0,1,Oregon,7,49,40,,Feb 13,,,,,,,,Rasmussen-1
 43.5,12,Oregon,7,46,38,,Feb 18,,,,,,,,Riley Res.-12
 12.0,3,Oregon,7,47,47,,Jan 13,,,,,,,,SurveyUSA-3
308.0,1,Pennsylvania,21,55,44,,Nov 04,,,,,,,,Final results-1
305.0,1,Pennsylvania,21,52,46,,Nov 01,,,,,,,,Rasmussen-1
304.5,4,Pennsylvania,21,54,40,,Nov 02,,,,,,,,Zogby-4
303.0,1,Pennsylvania,21,51,47,,Oct 30,,,,,,,,Rasmussen-1
303.0,3,Pennsylvania,21,51,44,,Oct 31,,,,,,,,SurveyUSA-3
303.0,3,Pennsylvania,21,51,45,,Oct 31,,,,,,,,ARG-3
303.0,5,Pennsylvania,21,52,45,,Nov 01,,,,,,,,Muhlenberg Coll.-5
300.5,2,Pennsylvania,21,47,43,,Oct 28,,,,,,,,Mason-Dixon-2
300.0,1,Pennsylvania,21,53,46,,Oct 27,,,,,,,,Rasmussen-1
299.5,2,Pennsylvania,21,55,41,,Oct 27,,,,,,,,Marist Coll.-2
299.0,1,Pennsylvania,21,51,42,,Oct 26,,,,,,,,Insider Advantage-1
298.5,6,Pennsylvania,21,55,43,,Oct 28,,,,,,,,Opinion Research-6
298.0,5,Pennsylvania,21,53,41,,Oct 27,,,,,,,,Muhlenberg Coll.-5
297.0,5,Pennsylvania,21,52,40,,Oct 26,,,,,,,,GfK Roper-5
297.0,5,Pennsylvania,21,53,40,,Oct 26,,,,,,,,Siena Coll.-5
297.0,5,Pennsylvania,21,53,41,,Oct 26,,,,,,,,Quinnipiac U.-5
296.5,6,Pennsylvania,21,53,40,,Oct 26,,,,,,,,Franklin+Marshall Coll.-6
296.0,7,Pennsylvania,21,50,41,,Oct 26,,,,,,,,Temple U.-7
294.5,2,Pennsylvania,21,53,41,,Oct 22,,,,,,,,SurveyUSA-2
293.5,4,Pennsylvania,21,52,41,,Oct 22,,,,,,,,U. of Wisconsin-4
293.0,5,Pennsylvania,21,52,42,,Oct 22,,,,,,,,Muhlenberg Coll.-5
291.5,6,Pennsylvania,21,53,40,,Oct 21,,,,,,,,Quinnipiac U.-6
291.0,5,Pennsylvania,21,51,41,,Oct 20,,,,,,,,Financial Dynamics-5
290.5,4,Pennsylvania,21,48,40,,Oct 19,,,,,,,,Susquehanna Polling-4
288.0,5,Pennsylvania,21,52,39,,Oct 17,,,,,,,,Muhlenberg Coll.-5
285.0,3,Pennsylvania,21,55,40,,Oct 13,,,,,,,,SurveyUSA-3
283.0,5,Pennsylvania,21,51,38,,Oct 12,,,,,,,,Muhlenberg Coll.-5
280.0,5,Pennsylvania,21,50,39,,Oct 09,,,,,,,,Muhlenberg Coll.-5
279.5,4,Pennsylvania,21,53,41,,Oct 08,,,,,,,,Marist Coll.-4
279.0,1,Pennsylvania,21,54,41,,Oct 06,,,,,,,,Rasmussen-1
278.5,2,Pennsylvania,21,55,40,,Oct 06,,,,,,,,SurveyUSA-2
277.5,4,Pennsylvania,21,52,42,,Oct 06,,,,,,,,West Chester U.-4
275.0,5,Pennsylvania,21,50,40,,Oct 04,,,,,,,,Muhlenberg Coll.-5
271.0,1,Pennsylvania,21,50,42,,Sep 28,,,,,,,,Rasmussen-1
271.0,3,Pennsylvania,21,54,39,,Sep 29,,,,,,,,Quinnipiac U.-3
270.0,5,Pennsylvania,21,49,41,,Sep 29,,,,,,,,Muhlenberg Coll.-5
268.5,6,Pennsylvania,21,48,43,,Sep 28,,,,,,,,Franklin+Marshall Coll.-6
267.0,1,Pennsylvania,21,49,45,,Sep 24,,,,,,,,Rasmussen-1
266.5,2,Pennsylvania,21,50,44,,Sep 24,,,,,,,,SurveyUSA-2
266.0,5,Pennsylvania,21,47,43,,Sep 25,,,,,,,,Muhlenberg Coll.-5
265.0,3,Pennsylvania,21,53,44,,Sep 23,,,,,,,,Opinion Research-3
264.0,1,Pennsylvania,21,48,45,,Sep 21,,,,,,,,Rasmussen-1
264.0,3,Pennsylvania,21,50,46,,Sep 22,,,,,,,,ARG-3
263.0,5,Pennsylvania,21,43,41,,Sep 22,,,,,,,,Financial Dynamics-5
260.0,3,Pennsylvania,21,46,44,,Sep 18,,,,,,,,Mason-Dixon-3
258.5,4,Pennsylvania,21,45,45,,Sep 17,,,,,,,,U. of Wisconsin-4
257.0,1,Pennsylvania,21,47,47,,Sep 14,,,,,,,,Rasmussen-1
256.0,5,Pennsylvania,21,49,44,,Sep 15,,,,,,,,Marist Coll.-5
250.0,1,Pennsylvania,21,47,45,,Sep 07,,,,,,,,Rasmussen-1
250.0,5,Pennsylvania,21,48,45,,Sep 09,,,,,,,,Quinnipiac U.-5
237.0,3,Pennsylvania,21,48,43,,Aug 26,,,,,,,,Opinion Research-3
232.5,8,Pennsylvania,21,49,42,,Aug 24,,,,,,,,Quinnipiac U.-8
231.0,1,Pennsylvania,21,45,40,,Aug 19,,,,,,,,Rasmussen-1
224.5,4,Pennsylvania,21,46,41,,Aug 14,,,,,,,,Susquehanna Polling-4
219.0,7,Pennsylvania,21,46,41,,Aug 10,,,,,,,,Franklin+Marshall Coll.-7
207.0,7,Pennsylvania,21,49,42,,Jul 29,,,,,,,,Quinnipiac U.-7
204.0,1,Pennsylvania,21,47,42,,Jul 23,,,,,,,,Rasmussen-1
173.0,1,Pennsylvania,21,46,42,,Jun 22,,,,,,,,Rasmussen-1
163.5,8,Pennsylvania,21,52,40,,Jun 16,,,,,,,,Quinnipiac U.-8
141.0,1,Pennsylvania,21,45,43,,May 21,,,,,,,,Rasmussen-1
137.0,3,Pennsylvania,21,48,40,,May 18,,,,,,,,SurveyUSA-3
136.5,8,Pennsylvania,21,46,40,,May 20,,,,,,,,Quinnipiac U.-8
123.5,6,Pennsylvania,21,46,39,,May 06,,,,,,,,Susquehanna Polling-6
116.0,7,Pennsylvania,21,47,38,,Apr 29,,,,,,,,Quinnipiac U.-7
114.0,1,Pennsylvania,21,43,44,,Apr 24,,,,,,,,Rasmussen-1
 99.0,1,Pennsylvania,21,47,39,,Apr 09,,,,,,,,Rasmussen-1
 92.5,14,Pennsylvania,21,47,40,,Apr 09,,,,,,,,Temple U.-14
 86.5,8,Pennsylvania,21,43,39,,Mar 31,,,,,,,,Quinnipiac U.-8
 69.0,1,Pennsylvania,21,43,44,,Mar 10,,,,,,,,Rasmussen-1
 66.5,6,Pennsylvania,21,41,45,,Mar 10,,,,,,,,Susquehanna Polling-6
 58.0,3,Pennsylvania,21,42,47,,Feb 28,,,,,,,,SurveyUSA-3
 46.5,6,Pennsylvania,21,43,44,,Feb 18,,,,,,,,Franklin+Marshall Coll.-6
 45.0,1,Pennsylvania,21,49,39,,Feb 14,,,,,,,,Rasmussen-1
 44.0,9,Pennsylvania,21,39,42,,Feb 17,,,,,,,,Muhlenberg Coll.-9
 40.0,7,Pennsylvania,21,42,41,,Feb 12,,,,,,,,Quinnipiac U.-7
  8.0,1,Pennsylvania,21,38,46,,Jan 08,,,,,,,,Rasmussen-1
308.0,1,Rhode Island,4,63,35,,Nov 04,,,,,,,,Final results-1
273.5,2,Rhode Island,4,48,26,,Oct 01,,,,,,,,Opinion Factor-2
258.5,2,Rhode Island,4,47,34,,Sep 16,,,,,,,,Brown U.-2
256.0,1,Rhode Island,4,58,39,,Sep 13,,,,,,,,Rasmussen-1
255.0,3,Rhode Island,4,59,33,,Sep 13,,,,,,,,ARG-3
231.0,3,Rhode Island,4,51,30,,Aug 20,,,,,,,,Brown U.-3
181.0,1,Rhode Island,4,55,31,,Jun 30,,,,,,,,Rasmussen-1
173.5,10,Rhode Island,4,53,25,,Jun 27,,,,,,,,Rhode Island Coll.-10
 58.0,3,Rhode Island,4,53,38,,Feb 28,,,,,,,,SurveyUSA-3
308.0,1,South Carolina,8,45,54,,Nov 04,,,,,,,,Final results-1
301.5,2,South Carolina,8,44,52,,Oct 29,,,,,,,,SurveyUSA-2
299.5,4,South Carolina,8,42,53,,Oct 28,,,,,,,,Princeton Survey-4
293.0,1,South Carolina,8,43,54,,Oct 20,,,,,,,,Rasmussen-1
285.5,2,South Carolina,8,41,55,,Oct 13,,,,,,,,SurveyUSA-2
281.5,22,South Carolina,8,35,55,,Oct 19,,,,,,,,Winthrop U.-22
264.5,2,South Carolina,8,39,58,,Sep 22,,,,,,,,SurveyUSA-2
261.0,1,South Carolina,8,45,51,,Sep 18,,,,,,,,Rasmussen-1
258.5,4,South Carolina,8,37,59,,Sep 17,,,,,,,,ARG-4
156.0,1,South Carolina,8,39,48,,Jun 05,,,,,,,,Rasmussen-1
 58.0,3,South Carolina,8,45,48,,Feb 28,,,,,,,,SurveyUSA-3
308.0,1,South Dakota,3,45,53,,Nov 04,,,,,,,,Final results-1
303.0,1,South Dakota,3,44,53,,Oct 30,,,,,,,,Rasmussen-1
287.0,3,South Dakota,3,41,48,,Oct 15,,,,,,,,Mason-Dixon-3
263.0,3,South Dakota,3,39,55,,Sep 21,,,,,,,,ARG-3
252.0,1,South Dakota,3,37,54,,Sep 09,,,,,,,,Rasmussen-1
190.0,1,South Dakota,3,43,47,,Jul 09,,,,,,,,Rasmussen-1
 88.0,11,South Dakota,3,34,51,,Apr 03,,,,,,,,Dakota Wesleyan U.-11
 63.0,1,South Dakota,3,38,48,,Mar 04,,,,,,,,Rasmussen-1
 58.0,3,South Dakota,3,43,47,,Feb 28,,,,,,,,SurveyUSA-3
308.0,1,Tennessee,11,42,57,,Nov 04,,,,,,,,Final results-1
289.0,1,Tennessee,11,42,54,,Oct 16,,,,,,,,Rasmussen-1
272.0,1,Tennessee,11,39,58,,Sep 29,,,,,,,,Rasmussen-1
266.0,3,Tennessee,11,39,55,,Sep 24,,,,,,,,Mason-Dixon-3
264.0,13,Tennessee,11,35,55,,Sep 27,,,,,,,,Middle Tenn. State U.-13
264.0,13,Tennessee,11,36,48,,Sep 27,,,,,,,,Middle Tenn. State U.-13
260.5,4,Tennessee,11,36,59,,Sep 19,,,,,,,,ARG-4
232.0,1,Tennessee,11,32,56,,Aug 20,,,,,,,,Rasmussen-1
175.0,1,Tennessee,11,36,51,,Jun 24,,,,,,,,Rasmussen-1
 93.0,1,Tennessee,11,31,58,,Apr 03,,,,,,,,Rasmussen-1
 58.0,3,Tennessee,11,38,54,,Feb 28,,,,,,,,SurveyUSA-3
 48.0,13,Tennessee,11,36,50,,Feb 23,,,,,,,,Middle Tenn. State U.-13
308.0,1,Texas,34,44,55,,Nov 04,,,,,,,,Final results-1
294.0,1,Texas,34,44,54,,Oct 21,,,,,,,,Rasmussen-1
291.5,8,Texas,34,40,51,,Oct 22,,,,,,,,U. of Texas-8
279.5,4,Texas,34,38,57,,Oct 08,,,,,,,,ARG-4
272.0,1,Texas,34,43,52,,Sep 29,,,,,,,,Rasmussen-1
257.5,4,Texas,34,36,57,,Sep 16,,,,,,,,ARG-4
233.0,1,Texas,34,41,50,,Aug 21,,,,,,,,Rasmussen-1
211.0,1,Texas,34,41,50,,Jul 30,,,,,,,,Rasmussen-1
205.0,13,Texas,34,33,43,,Jul 30,,,,,,,,U. of Texas-13
176.0,1,Texas,34,39,48,,Jun 25,,,,,,,,Rasmussen-1
167.0,9,Texas,34,38,43,,Jun 20,,,,,,,,Texas Lyceum-9
153.0,1,Texas,34,39,52,,Jun 02,,,,,,,,Rasmussen-1
121.0,1,Texas,34,43,48,,May 01,,,,,,,,Rasmussen-1
 58.0,3,Texas,34,46,47,,Feb 28,,,,,,,,SurveyUSA-3
 55.0,3,Texas,34,41,49,,Feb 25,,,,,,,,SurveyUSA-3
 46.5,4,Texas,34,44,52,,Feb 17,,,,,,,,Opinion Res.-4
308.0,1,Utah,5,34,63,,Nov 04,,,,,,,,Final results-1
300.0,7,Utah,5,32,57,,Oct 30,,,,,,,,Dan Jones-7
297.0,3,Utah,5,32,55,,Oct 25,,,,,,,,Mason-Dixon-3
254.5,4,Utah,5,29,65,,Sep 13,,,,,,,,ARG-4
253.0,1,Utah,5,32,64,,Sep 10,,,,,,,,Rasmussen-1
252.5,4,Utah,5,24,62,,Sep 11,,,,,,,,Dan Jones-4
226.0,3,Utah,5,23,62,,Aug 15,,,,,,,,Mason-Dixon-3
170.0,1,Utah,5,33,52,,Jun 19,,,,,,,,Rasmussen-1
168.5,4,Utah,5,29,57,,Jun 19,,,,,,,,Dan Jones-4
136.0,7,Utah,5,27,62,,May 19,,,,,,,,Dan Jones-7
 58.0,3,Utah,5,39,50,,Feb 28,,,,,,,,SurveyUSA-3
308.0,1,Vermont,3,67,30,,Nov 04,,,,,,,,Final results-1
282.0,1,Vermont,3,60,36,,Oct 09,,,,,,,,Rasmussen-1
263.0,5,Vermont,3,56,38,,Sep 22,,,,,,,,ARG-5
256.0,1,Vermont,3,60,36,,Sep 13,,,,,,,,Rasmussen-1
 58.0,3,Vermont,3,63,29,,Feb 28,,,,,,,,SurveyUSA-3
308.0,1,Virginia,13,53,46,,Nov 04,,,,,,,,Final results-1
304.5,4,Virginia,13,51,45,,Nov 02,,,,,,,,Zogby-4
304.0,3,Virginia,13,50,46,,Nov 01,,,,,,,,SurveyUSA-3
302.5,2,Virginia,13,47,44,,Oct 30,,,,,,,,Mason-Dixon-2
299.5,2,Virginia,13,51,47,,Oct 27,,,,,,,,Marist Coll.-2
299.0,1,Virginia,13,51,47,,Oct 26,,,,,,,,Rasmussen-1
298.5,2,Virginia,13,52,43,,Oct 26,,,,,,,,SurveyUSA-2
298.5,6,Virginia,13,53,44,,Oct 28,,,,,,,,Opinion Research-6
298.0,5,Virginia,13,48,44,,Oct 27,,,,,,,,Financial Dynamics-5
297.5,4,Virginia,13,52,45,,Oct 26,,,,,,,,Zogby-4
297.0,5,Virginia,13,49,42,,Oct 26,,,,,,,,GfK Roper-5
296.5,4,Virginia,13,52,44,,Oct 25,,,,,,,,Washington Post-4
295.5,8,Virginia,13,48,39,,Oct 26,,,,,,,,Roanoke Coll.-8
294.0,3,Virginia,13,51,40,,Oct 22,,,,,,,,Virg. Commonwealth U.-3
293.5,2,Virginia,13,47,45,,Oct 21,,,,,,,,Mason-Dixon-2
293.0,3,Virginia,13,54,44,,Oct 21,,,,,,,,Opinion Research-3
291.5,2,Virginia,13,51,45,,Oct 19,,,,,,,,SurveyUSA-2
289.0,1,Virginia,13,54,44,,Oct 16,,,,,,,,Rasmussen-1
285.5,4,Virginia,13,49,43,,Oct 14,,,,,,,,Christopher Newport U.-4
285.5,4,Virginia,13,53,43,,Oct 14,,,,,,,,Opinion Research-4
285.0,1,Virginia,13,50,47,,Oct 12,,,,,,,,Rasmussen-1
281.5,22,Virginia,13,45,44,,Oct 19,,,,,,,,Winthrop U.-22
278.0,1,Virginia,13,50,48,,Oct 05,,,,,,,,Rasmussen-1
277.5,2,Virginia,13,53,43,,Oct 05,,,,,,,,SurveyUSA-2
277.0,3,Virginia,13,51,39,,Oct 05,,,,,,,,Suffolk U.-3
273.0,3,Virginia,13,45,48,,Oct 01,,,,,,,,Mason-Dixon-3
272.0,1,Virginia,13,51,45,,Sep 29,,,,,,,,Insider Advantage-1
272.0,3,Virginia,13,53,44,,Sep 30,,,,,,,,Opinion Research-3
271.0,1,Virginia,13,50,47,,Sep 28,,,,,,,,Rasmussen-1
271.0,3,Virginia,13,46,49,,Sep 29,,,,,,,,ARG-3
268.0,1,Virginia,13,50,45,,Sep 25,,,,,,,,Rasmussen-1
264.0,1,Virginia,13,48,50,,Sep 21,,,,,,,,Rasmussen-1
263.0,3,Virginia,13,51,45,,Sep 21,,,,,,,,SurveyUSA-3
262.5,4,Virginia,13,49,46,,Sep 21,,,,,,,,ABC News-4
262.5,4,Virginia,13,49,46,,Sep 21,,,,,,,,Washington Post-4
262.5,6,Virginia,13,44,47,,Sep 22,,,,,,,,Mason-Dixon-6
261.5,4,Virginia,13,46,48,,Sep 20,,,,,,,,ARG-4
260.0,1,Virginia,13,46,48,,Sep 17,,,,,,,,Insider Advantage-1
257.0,1,Virginia,13,48,48,,Sep 14,,,,,,,,Rasmussen-1
256.0,3,Virginia,13,50,46,,Sep 14,,,,,,,,SurveyUSA-3
256.0,5,Virginia,13,41,48,,Sep 15,,,,,,,,Financial Dynamics-5
255.0,5,Virginia,13,39,48,,Sep 14,,,,,,,,Christopher Newport U.-5
251.0,3,Virginia,13,46,50,,Sep 09,,,,,,,,Opinion Research-3
250.0,1,Virginia,13,47,49,,Sep 07,,,,,,,,Rasmussen-1
249.0,3,Virginia,13,47,49,,Sep 07,,,,,,,,SurveyUSA-3
224.0,1,Virginia,13,43,43,,Aug 12,,,,,,,,Insider Advantage-1
224.0,1,Virginia,13,46,45,,Aug 12,,,,,,,,Rasmussen-1
221.0,3,Virginia,13,47,48,,Aug 10,,,,,,,,SurveyUSA-3
197.0,1,Virginia,13,44,44,,Jul 16,,,,,,,,Rasmussen-1
172.0,3,Virginia,13,49,47,,Jun 22,,,,,,,,SurveyUSA-3
163.0,1,Virginia,13,45,44,,Jun 12,,,,,,,,Rasmussen-1
137.0,3,Virginia,13,49,42,,May 18,,,,,,,,SurveyUSA-3
135.0,7,Virginia,13,36,44,,May 18,,,,,,,,Virg. Commonwealth U.-7
128.0,1,Virginia,13,44,47,,May 08,,,,,,,,Rasmussen-1
102.0,3,Virginia,13,44,52,,Apr 13,,,,,,,,SurveyUSA-3
 86.0,1,Virginia,13,41,52,,Mar 27,,,,,,,,Rasmussen-1
 74.0,3,Virginia,13,48,47,,Mar 16,,,,,,,,SurveyUSA-3
 58.0,3,Virginia,13,47,47,,Feb 28,,,,,,,,SurveyUSA-3
 50.0,1,Virginia,13,44,49,,Feb 19,,,,,,,,Rasmussen-1
 47.0,3,Virginia,13,51,45,,Feb 17,,,,,,,,SurveyUSA-3
 16.5,2,Virginia,13,40,52,,Jan 17,,,,,,,,SurveyUSA-2
308.0,1,Washington,11,58,40,,Nov 04,,,,,,,,Final results-1
302.0,5,Washington,11,51,39,,Oct 31,,,,,,,,U. of Washington-5
299.5,2,Washington,11,56,39,,Oct 27,,,,,,,,SurveyUSA-2
295.0,1,Washington,11,54,43,,Oct 22,,,,,,,,Rasmussen-1
295.0,9,Washington,11,55,34,,Oct 26,,,,,,,,U. of Washington-9
290.5,4,Washington,11,55,36,,Oct 19,,,,,,,,Elway Poll-4
285.5,2,Washington,11,56,40,,Oct 13,,,,,,,,SurveyUSA-2
275.0,1,Washington,11,53,43,,Oct 02,,,,,,,,Rasmussen-1
264.5,2,Washington,11,54,43,,Sep 22,,,,,,,,SurveyUSA-2
260.0,3,Washington,11,50,44,,Sep 18,,,,,,,,ARG-3
253.0,1,Washington,11,49,47,,Sep 10,,,,,,,,Rasmussen-1
250.0,3,Washington,11,45,39,,Sep 08,,,,,,,,Elway Poll-3
249.0,3,Washington,11,49,45,,Sep 07,,,,,,,,SurveyUSA-3
223.5,2,Washington,11,51,44,,Aug 12,,,,,,,,SurveyUSA-2
218.0,1,Washington,11,52,40,,Aug 06,,,,,,,,Rasmussen-1
207.5,10,Washington,11,47,35,,Jul 31,,,,,,,,Elway Poll-10
195.0,3,Washington,11,55,39,,Jul 15,,,,,,,,SurveyUSA-3
190.0,1,Washington,11,51,43,,Jul 09,,,,,,,,Rasmussen-1
169.0,3,Washington,11,55,40,,Jun 19,,,,,,,,SurveyUSA-3
160.0,1,Washington,11,53,35,,Jun 09,,,,,,,,Rasmussen-1
159.0,3,Washington,11,56,39,,Jun 09,,,,,,,,SurveyUSA-3
143.0,5,Washington,11,44,38,,May 25,,,,,,,,Elway Poll-5
137.0,3,Washington,11,52,36,,May 18,,,,,,,,SurveyUSA-3
132.0,1,Washington,11,51,40,,May 12,,,,,,,,Rasmussen-1
132.0,1,Washington,11,54,42,,May 12,,,,,,,,SurveyUSA-1
105.0,3,Washington,11,53,40,,Apr 16,,,,,,,,SurveyUSA-3
 97.0,1,Washington,11,51,44,,Apr 07,,,,,,,,SurveyUSA-1
 86.0,1,Washington,11,48,43,,Mar 27,,,,,,,,Rasmussen-1
 78.0,3,Washington,11,45,39,,Mar 20,,,,,,,,Elway Poll-3
 74.0,3,Washington,11,52,41,,Mar 16,,,,,,,,SurveyUSA-3
 59.0,1,Washington,11,44,45,,Feb 28,,,,,,,,Rasmussen-1
 58.0,3,Washington,11,52,38,,Feb 28,,,,,,,,SurveyUSA-3
 34.5,2,Washington,11,55,38,,Feb 04,,,,,,,,SurveyUSA-2
 12.0,3,Washington,11,52,43,,Jan 13,,,,,,,,SurveyUSA-3
308.0,1,West Virginia,5,43,56,,Nov 04,,,,,,,,Final results-1
297.5,4,West Virginia,5,40,50,,Oct 26,,,,,,,,Zogby-4
293.5,2,West Virginia,5,44,49,,Oct 21,,,,,,,,West Virginia Wesleyan U.-2
293.0,1,West Virginia,5,43,52,,Oct 20,,,,,,,,Rasmussen-1
293.0,3,West Virginia,5,44,53,,Oct 21,,,,,,,,Opinion Research-3
289.5,2,West Virginia,5,41,47,,Oct 17,,,,,,,,Mason-Dixon-2
286.0,1,West Virginia,5,47,49,,Oct 13,,,,,,,,Insider Advantage-1
279.0,5,West Virginia,5,50,42,,Oct 08,,,,,,,,ARG-5
267.0,1,West Virginia,5,42,50,,Sep 24,,,,,,,,Rasmussen-1
265.0,3,West Virginia,5,46,50,,Sep 23,,,,,,,,Opinion Research-3
258.0,3,West Virginia,5,45,49,,Sep 16,,,,,,,,ARG-3
249.5,4,West Virginia,5,39,44,,Sep 08,,,,,,,,Mark Blankenship-4
153.0,1,West Virginia,5,37,45,,Jun 02,,,,,,,,Rasmussen-1
 58.0,3,West Virginia,5,35,53,,Feb 28,,,,,,,,SurveyUSA-3
308.0,1,Wisconsin,10,56,42,,Nov 04,,,,,,,,Final results-1
301.5,2,Wisconsin,10,55,39,,Oct 29,,,,,,,,SurveyUSA-2
297.5,8,Wisconsin,10,52,42,,Oct 28,,,,,,,,U. of Wisconsin-8
297.5,8,Wisconsin,10,54,38,,Oct 28,,,,,,,,U. of Wisconsin-8
296.0,1,Wisconsin,10,51,44,,Oct 23,,,,,,,,Rasmussen-1
293.5,4,Wisconsin,10,53,40,,Oct 22,,,,,,,,U. of Wisconsin-4
291.5,2,Wisconsin,10,51,43,,Oct 19,,,,,,,,SurveyUSA-2
291.0,5,Wisconsin,10,53,40,,Oct 20,,,,,,,,Financial Dynamics-5
289.5,2,Wisconsin,10,51,39,,Oct 17,,,,,,,,Mason-Dixon-2
286.0,9,Wisconsin,10,51,38,,Oct 17,,,,,,,,St. Norbert Coll.-9
284.5,8,Wisconsin,10,51,36,,Oct 15,,,,,,,,U. of Wisconsin-8
283.0,5,Wisconsin,10,54,37,,Oct 12,,,,,,,,Quinnipiac U.-5
279.0,1,Wisconsin,10,54,44,,Oct 06,,,,,,,,Rasmussen-1
278.5,2,Wisconsin,10,52,42,,Oct 06,,,,,,,,SurveyUSA-2
277.5,4,Wisconsin,10,51,46,,Oct 06,,,,,,,,Opinion Research-4
262.5,4,Wisconsin,10,50,45,,Sep 21,,,,,,,,ARG-4
260.5,8,Wisconsin,10,49,42,,Sep 21,,,,,,,,Quinnipiac U.-8
258.5,4,Wisconsin,10,45,44,,Sep 17,,,,,,,,U. of Wisconsin-4
258.0,1,Wisconsin,10,48,46,,Sep 15,,,,,,,,Rasmussen-1
258.0,3,Wisconsin,10,49,45,,Sep 16,,,,,,,,Opinion Research-3
258.0,3,Wisconsin,10,50,47,,Sep 16,,,,,,,,Opinion Research-3
217.0,1,Wisconsin,10,47,43,,Aug 05,,,,,,,,Rasmussen-1
215.5,2,Wisconsin,10,44,38,,Aug 04,,,,,,,,Wisconsin Policy Res. Inst.-2
199.0,9,Wisconsin,10,50,39,,Jul 22,,,,,,,,Quinnipiac U.-9
189.0,1,Wisconsin,10,50,39,,Jul 08,,,,,,,,Rasmussen-1
171.5,8,Wisconsin,10,52,39,,Jun 24,,,,,,,,Quinnipiac U.-8
165.5,4,Wisconsin,10,52,43,,Jun 16,,,,,,,,SurveyUSA-4
160.0,3,Wisconsin,10,50,37,,Jun 10,,,,,,,,U. of Wisconsin-3
156.0,1,Wisconsin,10,45,43,,Jun 05,,,,,,,,Rasmussen-1
137.0,3,Wisconsin,10,48,42,,May 18,,,,,,,,SurveyUSA-3
125.0,1,Wisconsin,10,43,47,,May 05,,,,,,,,Rasmussen-1
109.5,10,Wisconsin,10,47,43,,Apr 24,,,,,,,,U. of Wisconsin-10
102.0,3,Wisconsin,10,49,44,,Apr 13,,,,,,,,SurveyUSA-3
 89.5,12,Wisconsin,10,46,42,,Apr 05,,,,,,,,St. Norbert Coll.-12
 85.0,1,Wisconsin,10,46,48,,Mar 26,,,,,,,,Rasmussen-1
 74.0,3,Wisconsin,10,48,44,,Mar 16,,,,,,,,SurveyUSA-3
 58.0,3,Wisconsin,10,51,40,,Feb 28,,,,,,,,SurveyUSA-3
 52.0,1,Wisconsin,10,44,43,,Feb 21,,,,,,,,Rasmussen-1
 47.0,3,Wisconsin,10,52,42,,Feb 17,,,,,,,,SurveyUSA-3
308.0,1,Wyoming,3,33,65,,Nov 04,,,,,,,,Final results-1
291.5,2,Wyoming,3,37,58,,Oct 19,,,,,,,,SurveyUSA-2
286.5,2,Wyoming,3,32,58,,Oct 14,,,,,,,,Mason-Dixon-2
253.0,1,Wyoming,3,39,58,,Sep 10,,,,,,,,Rasmussen-1
253.0,3,Wyoming,3,28,66,,Sep 11,,,,,,,,ARG-3
226.0,3,Wyoming,3,25,62,,Aug 15,,,,,,,,Mason-Dixon-3
 58.0,3,Wyoming,3,35,54,,Feb 28,,,,,,,,SurveyUSA-3
